Feature,marginal_data,marginal_model,marginal_gen
l1,0.0,0.0,0.0
l2,4.5e-07,0.0,0.0
l3,2.35e-06,2.1820632242670724e-07,5e-07
l4,5.65e-06,3.09003595283152e-07,6.1e-06
l5,2e-05,3.994895060829411e-06,4.055e-05
l6,4.735e-05,1.4037923398717873e-05,0.0001828
l7,0.00021325,0.00011289691098291698,0.0006993
l8,0.0003901,0.0003226505311003761,0.0022521
l9,0.00089225,0.0008538885968224969,0.00674735
l10,0.00517155,0.004733710937929867,0.0183372
l11,0.03330475,0.029006867974551587,0.04287875
l12,0.07429225,0.0714060326321654,0.08184765
l13,0.16887055,0.16347037726208585,0.12577665
l14,0.23079125,0.22876686230733242,0.1568168
l15,0.24567325,0.24927468526479443,0.161237
l16,0.13734955,0.1403167708540047,0.140319
l17,0.0596868,0.06588601689181456,0.10588585
l18,0.02662495,0.02887997094947187,0.07031795
l19,0.0110753,0.01096249199744111,0.04207025
l20,0.00368695,0.0039861515639100665,0.02290765
l21,0.00123715,0.0012123303161845724,0.01164595
l22,0.00045145,0.0005058599533438556,0.00557395
l23,0.00013475,0.00015294768045245936,0.0025546
l24,5.405e-05,6.458624535373504e-05,0.0011089
l25,1.705e-05,2.1787699681123505e-05,0.00048
l26,5.8e-06,1.4926280478270328e-05,0.00019495
l27,1.2e-06,1.4968728189718126e-05,7.66e-05
l28,0.0,8.060387414745874e-06,2.705e-05
l29,0.0,4.566660636313158e-06,1.005e-05
l30,0.0,9.879381427284365e-07,2.75e-06
aA0,0.0,0.0,0.0
aA1,0.95841995,0.9644495532548947,0.95647915
aA2,0.0095355,0.008020268233584281,0.00746825
aA3,0.00915495,0.009049313684181593,0.01102655
aA4,0.0355108,0.03668147000254246,0.0388684
aA5,0.06994565,0.07046815875846345,0.0781895
aA6,0.066176,0.06743870995587044,0.0597387
aA7,0.08093365,0.08345990486020259,0.0633306
aA8,0.071315,0.06967127863013022,0.06024405
aA9,0.05570605,0.05543750255573476,0.05306365
aA10,0.05625305,0.051904957854979124,0.04502805
aA11,0.04831775,0.045384100856539725,0.03739205
aA12,0.034913,0.0332232390902358,0.029409
aA13,0.0154666,0.014671983637108811,0.02130175
aA14,0.0059913,0.006195153303394208,0.0140683
aA15,0.00225105,0.002393531483769126,0.00835255
aA16,0.00079905,0.0008082448525498306,0.00456945
aA17,0.0002387,0.00024546935978365285,0.0022632
aA18,7.53e-05,8.99677381285415e-05,0.00108165
aA19,2.765e-05,3.796723519358296e-05,0.0004876
aA20,9.25e-06,1.5619950716667386e-05,0.00021735
aA21,3.4e-06,9.553095003593483e-06,8.44e-05
aA22,1.3e-06,4.021171835507793e-06,3.865e-05
aA23,2e-07,3.0635858013718265e-06,1.345e-05
aA24,5e-08,1.4665899570306657e-06,5.55e-06
aA-25,5.8e-06,1.4869567471644029e-05,0.00019335
aA-24,1.625e-05,2.1690791529864622e-05,0.00047515
aA-23,5.315e-05,6.406156737454833e-05,0.00109985
aA-22,0.00013215,0.0001511997606190856,0.0025372
aA-21,0.0004455,0.0004986675057031191,0.00553635
aA-20,0.0012236,0.0011986957666682424,0.0115632
aA-19,0.00364745,0.003949017391534003,0.0227694
aA-18,0.01092385,0.010863425342310372,0.04186755
aA-17,0.026242,0.028632140032756968,0.07013885
aA-16,0.0588679,0.06531421214126051,0.1060229
aA-15,0.13569875,0.13942638415931652,0.1416532
aA-14,0.24342495,0.2477811292938839,0.165515
aA-13,0.22952465,0.22831856796443617,0.1668727
aA-12,0.17434175,0.17080552948749914,0.1451187
aA-11,0.09866985,0.09764179021150089,0.1135006
aA-10,0.0763663,0.07498648897920884,0.0877728
aA-9,0.0727272,0.0738549572634581,0.07390335
aA-8,0.0765606,0.07941676016116934,0.0744038
aA-7,0.0740089,0.07440709661386766,0.07095185
aA-6,0.0732986,0.07278091558711756,0.06513125
aA-5,0.0134595,0.012429059372520847,0.0125546
aA-4,0.00321955,0.0030677409869365097,0.0042623
aA-3,0.14796795,0.1338370819175619,0.108288
aA-2,0.00020365,0.00016860335663757169,0.0004315
aA-1,1.415e-05,6.87816097266885e-06,4.375e-05
aC0,1.0,1.0,1.0
aC1,1.39e-05,1.4288642400181479e-05,5.965e-05
aC2,0.0012203,0.001190111839995885,0.0019272
aC3,0.0008492,0.0009328864461121881,0.0019784
aC4,0.0001783,0.00023563033981873515,0.0126443
aC5,0.00016875,0.00019097812601800518,0.0104164
aC6,0.00014585,0.00020658634569426394,0.0083247
aC7,0.00016105,0.00017789230028940572,0.00797435
aC8,0.000204,0.00022634311378804715,0.0079434
aC9,0.0002123,0.0002204863091705254,0.00711935
aC10,0.000187,0.00019044695906565685,0.00550255
aC11,0.0001217,0.00013251117841139235,0.003655
aC12,7.515e-05,7.754906044685448e-05,0.0021315
aC13,4.325e-05,4.0933320722903506e-05,0.00114145
aC14,1.98e-05,1.9122355219089075e-05,0.00056085
aC15,8.9e-06,1.003221134866356e-05,0.00026165
aC16,5e-06,4.568964406408689e-06,0.0001152
aC17,2.05e-06,1.6629080189410964e-06,5.175e-05
aC18,9e-07,7.045834251251818e-07,2.145e-05
aC19,3e-07,2.1404248979361416e-07,7.7e-06
aC20,2e-07,1.298990503344973e-07,3e-06
aC21,0.0,4.134232495332151e-08,8.5e-07
aC22,0.0,1.6181766650933458e-08,5.5e-07
aC23,0.0,1.2473146067509342e-08,1.5e-07
aC24,0.0,2.0969108083460597e-08,1e-07
aC-25,1.705e-05,2.1839948048261754e-05,0.00048035
aC-24,5.405e-05,6.459254115480817e-05,0.00110935
aC-23,0.00013475,0.0001529763057902378,0.00255595
aC-22,0.00045155,0.0005059601919595902,0.0055776
aC-21,0.00123725,0.0012124757399988738,0.011656
aC-20,0.0036875,0.003986519741660949,0.0229353
aC-19,0.01107625,0.01096344943735469,0.0421352
aC-18,0.0266281,0.028882913499956586,0.07046075
aC-17,0.0596941,0.06589563532642755,0.10619435
aC-16,0.13736975,0.14034539137737329,0.1409582
aC-15,0.24572285,0.24933625786353014,0.16250285
aC-14,0.23090665,0.22891006134642009,0.15906575
aC-13,0.16911745,0.16381105639887747,0.12940995
aC-12,0.07479705,0.07195500951397504,0.0870833
aC-11,0.03399015,0.029737639593031787,0.0494945
aC-10,0.005694,0.005245006761596902,0.02568005
aC-9,0.00116685,0.001099530471606449,0.01468435
aC-8,0.00055235,0.0005359668254250122,0.01082745
aC-7,0.0004163,0.0003636520548371508,0.0150029
aC-6,0.00024445,0.0002481015569718058,0.0093497
aC-5,0.00040235,0.0003581483090595243,0.00325565
aC-4,4.82e-05,7.291446199611805e-05,0.00077605
aC-3,0.00010945,8.174575430765113e-05,0.0001589
aC-2,7.925e-05,3.745538520476679e-05,0.00013895
aC-1,1.32e-05,4.3145538330252304e-06,3.49e-05
aD0,0.0,0.0,0.0
aD1,6.225e-05,5.949711154984154e-05,0.0003201
aD2,0.0002252,0.00029736095532765264,0.0019299
aD3,0.0044447,0.004442784464288111,0.0085336
aD4,0.03205375,0.03199539256317374,0.0459184
aD5,0.07964585,0.07959864234236202,0.06525635
aD6,0.04317385,0.043208429258078225,0.04885945
aD7,0.0440685,0.044334063080554924,0.0495947
aD8,0.0432763,0.043409981846946874,0.045563
aD9,0.0430631,0.04310140855028771,0.0393865
aD10,0.0378967,0.039550723702741424,0.03167135
aD11,0.02367425,0.025559198702256862,0.0235646
aD12,0.0103135,0.011565989359630406,0.01599055
aD13,0.00455885,0.004934366331618986,0.00984205
aD14,0.0018139,0.001778138351657958,0.00565455
aD15,0.00061545,0.0006447393533667871,0.00295075
aD16,0.0002005,0.00018888197499334174,0.00146565
aD17,7.165e-05,8.173624633595774e-05,0.0006946
aD18,2.2e-05,2.638676643289133e-05,0.00030945
aD19,8.25e-06,9.745842034889605e-06,0.00013165
aD20,2.9e-06,3.269191547799314e-06,5.615e-05
aD21,9.5e-07,1.905203000083634e-06,2.33e-05
aD22,3e-07,1.7384350340049147e-06,9.3e-06
aD23,1e-07,6.611140281388364e-07,2.45e-06
aD24,0.0,4.6225201179568733e-07,1.6e-06
aD-25,0.0,2.562485126358137e-07,7e-07
aD-24,0.0,1.4382322532486798e-06,3.4e-06
aD-23,2.5e-07,1.6128223680851711e-06,7.6e-06
aD-22,4e-07,3.6949175765752186e-06,2.1e-05
aD-21,1.65e-06,4.459154896641196e-06,5.425e-05
aD-20,4.75e-06,8.259076155136549e-06,0.0001233
aD-19,1.13e-05,1.8965750093256295e-05,0.00027875
aD-18,2.78e-05,4.18016666470641e-05,0.00062195
aD-17,9.67e-05,0.0001160646878091929,0.001338
aD-16,0.00028775,0.0002879242284189373,0.002655
aD-15,0.00074865,0.0007593710380761872,0.0050428
aD-14,0.00186135,0.001878313426467125,0.0088381
aD-13,0.0044677,0.00466006078542273,0.0143107
aD-12,0.0105287,0.01139854573870022,0.021452
aD-11,0.0208807,0.021515738955256318,0.0297414
aD-10,0.0339102,0.03409605253220319,0.0376192
aD-9,0.0456059,0.04558963735936858,0.04300405
aD-8,0.0451283,0.045390913219592335,0.04418795
aD-7,0.035241,0.03532851481450731,0.0407047
aD-6,0.04626745,0.04401488823536844,0.04432445
aD-5,0.1223343,0.12787661691808783,0.10040795
aD-4,0.00114735,0.0011524362440909815,0.0013528
aD-3,0.0003248,0.00034352015565734524,0.00071995
aD-2,0.00030725,0.0002977978534354503,0.00085895
aD-1,8.55e-06,8.797771875248031e-06,6.135e-05
aE0,0.0,0.0,0.0
aE1,2.84e-05,4.0195878423806964e-05,0.0003775
aE2,0.00024305,0.00022198627989349542,0.0021072
aE3,0.01010525,0.010166930085396571,0.0129464
aE4,0.0569086,0.056415820137722957,0.0540701
aE5,0.04720685,0.04696869005090777,0.0438793
aE6,0.02713,0.026625071040060823,0.0409541
aE7,0.04364435,0.040663198024632204,0.05599885
aE8,0.0628086,0.061198137512179444,0.07763565
aE9,0.1130119,0.10930473865282836,0.0980749
aE10,0.14176745,0.14022634606326276,0.10761535
aE11,0.13829065,0.14360768272437108,0.10114835
aE12,0.0740869,0.07548724289787705,0.08200555
aE13,0.03108535,0.03491223994132488,0.0586011
aE14,0.0133679,0.014323037724511612,0.03719955
aE15,0.00550565,0.005565281036780968,0.02148285
aE16,0.00182325,0.0019114575182609637,0.0113751
aE17,0.00062105,0.000612264880073087,0.00567235
aE18,0.00023145,0.0002684898819671704,0.00266495
aE19,6.99e-05,8.350215413617552e-05,0.00121365
aE20,2.93e-05,3.725160134599027e-05,0.00051615
aE21,8.95e-06,1.1516144472002744e-05,0.00022265
aE22,3.15e-06,7.83921701891866e-06,8.79e-05
aE23,7e-07,7.718305460870234e-06,3.52e-05
aE24,0.0,3.6683999470437516e-06,1.205e-05
aE-25,0.0,5.322242096209805e-07,1.05e-06
aE-24,0.0,1.908986632478046e-06,2.7e-06
aE-23,1e-07,3.6052296033774905e-06,9.5e-06
aE-22,7e-07,4.794185145229386e-06,2.385e-05
aE-21,6.5e-07,6.391566112890892e-06,6.005e-05
aE-20,7.2e-06,1.328916929188597e-05,0.0001402
aE-19,1.835e-05,2.66813053044921e-05,0.00031725
aE-18,4.425e-05,5.952469779518841e-05,0.0006943
aE-17,0.00014305,0.00015003309437328308,0.00145485
aE-16,0.0003822,0.0004303485281690651,0.00287555
aE-15,0.0010187,0.0010475277895271166,0.0053224
aE-14,0.00268165,0.002819610073776916,0.00898555
aE-13,0.00614635,0.00649034153362385,0.01383745
aE-12,0.01335085,0.01411597907804531,0.01930035
aE-11,0.02585485,0.02583939020825728,0.02444135
aE-10,0.0324096,0.03248036188430287,0.02897565
aE-9,0.03014415,0.03012681984947359,0.0331188
aE-8,0.03003295,0.03004065357969931,0.03624335
aE-7,0.0310834,0.03027801988304658,0.0330093
aE-6,0.01599765,0.01601741208672425,0.022566
aE-5,0.05335655,0.05238017613626543,0.1121387
aE-4,0.52412485,0.5252824900661838,0.4703312
aE-3,0.00111925,0.0010136183819052212,0.0018829
aE-2,5.37e-05,4.26261461201613e-05,0.00017
aE-1,7.65e-06,0.0,0.0
aF0,0.0,0.0,0.0
aF1,1.47e-05,2.113727668044931e-05,0.0001118
aF2,0.00046385,0.00047858293890368166,0.0011272
aF3,0.00152775,0.0018299709226330698,0.00364625
aF4,0.0434359,0.041939531466104754,0.0412345
aF5,0.013473,0.013029945000018658,0.01624525
aF6,0.01158745,0.011187858158592811,0.0146257
aF7,0.0121421,0.011524456683860025,0.0158772
aF8,0.01401665,0.014291074008015901,0.0232113
aF9,0.0287118,0.026242158820728348,0.0407654
aF10,0.0677905,0.06144769763224972,0.07484365
aF11,0.14489685,0.1374142546158506,0.12514605
aF12,0.26046235,0.2517719500915647,0.17743655
aF13,0.331455,0.32992168095667157,0.20930915
aF14,0.30376805,0.3079764708554609,0.20696305
aF15,0.16242505,0.1681709381586492,0.17504845
aF16,0.07053945,0.07750663447126259,0.12901115
aF17,0.0311622,0.03347502555361557,0.0842326
aF18,0.01259095,0.012559487155917011,0.04966235
aF19,0.00420055,0.004483410172221268,0.02678325
aF20,0.0014285,0.0014298365017382613,0.01350045
aF21,0.0005073,0.0005715038597603039,0.00642755
aF22,0.0001574,0.00018417394073003436,0.00292695
aF23,6.12e-05,7.386079093512523e-05,0.00127075
aF24,1.955e-05,2.8308755828608608e-05,0.0005472
aF-25,0.0,7.835579766219876e-08,5e-07
aF-24,0.0,3.031669602346091e-07,1.7e-06
aF-23,0.0,8.295631392542964e-07,4.7e-06
aF-22,1.5e-07,1.2263922383136006e-06,1.165e-05
aF-21,1.5e-06,2.6399724118467476e-06,2.995e-05
aF-20,3.75e-06,4.518005742577417e-06,7.01e-05
aF-19,1.055e-05,9.786889323752495e-06,0.00016355
aF-18,3.005e-05,2.7298340230311974e-05,0.0003651
aF-17,7.405e-05,6.648709113827691e-05,0.00081875
aF-16,0.00022055,0.00020513074678436903,0.00164635
aF-15,0.00069135,0.0006420832742198413,0.0031519
aF-14,0.00166405,0.0016720145795507243,0.00552525
aF-13,0.0035854,0.003807606304798721,0.0087356
aF-12,0.0080187,0.008277521486848963,0.0120713
aF-11,0.01532255,0.015667945847714342,0.0145085
aF-10,0.01689635,0.016633180865784563,0.01517975
aF-9,0.0146062,0.014251065080980738,0.0149725
aF-8,0.0132641,0.012553399163169035,0.0147366
aF-7,0.0169308,0.01642207722075436,0.0163286
aF-6,0.0139735,0.013451309906842384,0.0131017
aF-5,0.0039146,0.003977617799534482,0.00436205
aF-4,0.0004741,0.00042524030640450503,0.00062055
aF-3,0.00019935,0.0002259307310823378,0.00027235
aF-2,0.40976305,0.40215182770120644,0.32314905
aF-1,0.9972008,0.9971392348775397,0.9904785
aG0,0.0,0.0,0.0
aG1,0.00029325,0.00024097974556964362,0.00106535
aG2,0.00408775,0.003742508972166134,0.00703125
aG3,0.02747285,0.026262682836420477,0.04105865
aG4,0.06305375,0.06355091565314387,0.096294
aG5,0.2333077,0.2364758611728138,0.18419005
aG6,0.28470505,0.28281773973600005,0.22052085
aG7,0.295032,0.29169671498021665,0.22712705
aG8,0.2224616,0.2274365886769752,0.1963142
aG9,0.1526855,0.1521201324458305,0.1498721
aG10,0.0988402,0.10175190270964714,0.1051812
aG11,0.05970655,0.059566066280016525,0.0696035
aG12,0.02574795,0.026458881252573053,0.0435091
aG13,0.01016365,0.01045783517517066,0.0256095
aG14,0.00379725,0.004052070979421587,0.0140376
aG15,0.0012593,0.0012917772858067292,0.00724945
aG16,0.00039595,0.0004316195527241549,0.0035126
aG17,0.00012985,0.00016147783545540767,0.00163215
aG18,4.225e-05,5.9441011574725006e-05,0.0007175
aG19,1.56e-05,3.0856644329758375e-05,0.00030725
aG20,4.85e-06,1.4269533884582416e-05,0.0001254
aG21,1.4e-06,8.005894279055471e-06,5.13e-05
aG22,6.5e-07,6.441166493581615e-06,1.975e-05
aG23,0.0,2.7999433965321027e-06,7e-06
aG24,0.0,1.3655771533159144e-06,2.8e-06
aG-25,0.0,5.429602258237991e-07,1.6e-06
aG-24,5e-08,9.543857640468159e-07,4.15e-06
aG-23,2.5e-07,2.3720093412870423e-06,1.285e-05
aG-22,1.45e-06,5.6298230766199054e-06,3.27e-05
aG-21,4.7e-06,8.61965526564809e-06,7.73e-05
aG-20,1.095e-05,1.6968886546596234e-05,0.00018915
aG-19,2.92e-05,3.8593570534637954e-05,0.00045785
aG-18,8.12e-05,9.383039351039516e-05,0.00106475
aG-17,0.00021085,0.0002420131327574148,0.0023092
aG-16,0.0005736,0.0006153832678983797,0.00491645
aG-15,0.00160465,0.0016532210082170937,0.0099237
aG-14,0.0046944,0.0048087458333931875,0.0194614
aG-13,0.01314765,0.013816409201021491,0.0359587
aG-12,0.0308156,0.03299863722686208,0.06311015
aG-11,0.06880525,0.07222214736224324,0.10367425
aG-10,0.14739335,0.15337639175486364,0.156711
aG-9,0.24521475,0.24900867306608274,0.2103195
aG-8,0.28916605,0.291082574696333,0.23379785
aG-7,0.27160975,0.2663877623408047,0.2201577
aG-6,0.16762635,0.16016494065291118,0.13339845
aG-5,0.1177784,0.1194013388588723,0.0884586
aG-4,0.1231586,0.12144517509580706,0.10593335
aG-3,0.0010814,0.0010460668466424877,0.00371875
aG-2,0.0001681,0.0001779620461984359,0.0012084
aG-1,2.835e-05,2.4068989543262368e-05,0.0001414
aH0,0.0,0.0,0.0
aH1,7.45e-06,9.300452405663727e-06,9.83e-05
aH2,0.000203,8.355763445723595e-05,0.00075105
aH3,0.00198855,0.0018507627226978863,0.00307535
aH4,0.01146285,0.012230116719022577,0.0167575
aH5,0.0077542,0.007969324780399255,0.0146447
aH6,0.00798625,0.008241865900781877,0.015308
aH7,0.00783215,0.008359057673109203,0.01468345
aH8,0.00912285,0.01030251805944231,0.0149977
aH9,0.00955285,0.010107769582436414,0.01565805
aH10,0.01187595,0.011671918203513857,0.01731875
aH11,0.02181875,0.02099556981961812,0.0203607
aH12,0.02823465,0.027825220923970287,0.02327965
aH13,0.03061745,0.029354424513278334,0.02391325
aH14,0.0151531,0.01515031076226229,0.0215849
aH15,0.0066614,0.006852272829306781,0.016905
aH16,0.0028695,0.003002151497046283,0.01161255
aH17,0.0011615,0.0011053458095192925,0.007116
aH18,0.00039395,0.000419278758768125,0.00396765
aH19,0.0001357,0.000137985455823525,0.00204105
aH20,4.86e-05,5.832883246620084e-05,0.0009813
aH21,1.47e-05,1.4450512636453143e-05,0.0004578
aH22,5.3e-06,7.302432702319289e-06,0.00019815
aH23,2.1e-06,2.5926916367551412e-06,8.51e-05
aH24,5.5e-07,2.398471775103837e-06,3.73e-05
aH-25,0.0,8.499454128797393e-08,2e-07
aH-24,0.0,3.213740881848465e-07,6e-07
aH-23,0.0,5.310599066616632e-07,1.8e-06
aH-22,0.0,7.92080575440138e-07,5.65e-06
aH-21,4.5e-07,9.352595651409367e-07,1.215e-05
aH-20,1e-06,2.0801440057768153e-06,2.98e-05
aH-19,4.35e-06,5.3975819973387315e-06,7.685e-05
aH-18,1.335e-05,1.6731928091239582e-05,0.0001661
aH-17,4.2e-05,4.084198700796808e-05,0.0003662
aH-16,0.0001116,0.00012210306431388625,0.0007727
aH-15,0.000301,0.000325976683580446,0.0015191
aH-14,0.00067505,0.0007597062805002105,0.0027376
aH-13,0.00148095,0.0016932309917515652,0.00456375
aH-12,0.00318405,0.0035173882778589418,0.0067401
aH-11,0.00542175,0.005837465088566115,0.00883855
aH-10,0.00606835,0.006660327447969318,0.0103524
aH-9,0.0061978,0.00639635030993961,0.01137855
aH-8,0.00744255,0.007551192926228709,0.01287515
aH-7,0.00790965,0.00939416148944368,0.0144744
aH-6,0.0121746,0.012471838449365887,0.02134725
aH-5,0.01178605,0.012053700908766191,0.0150446
aH-4,0.0003153,0.000257177300784869,0.00044085
aH-3,0.00026185,0.00021038008897131345,0.00029495
aH-2,0.11150795,0.10843092373827296,0.13378445
aH-1,3.9e-06,7.852716467339482e-06,3.07e-05
aI0,0.0,0.0,0.0
aI1,3.065e-05,9.445972405025028e-05,0.0002478
aI2,0.0224145,0.022484219515266596,0.02461145
aI3,0.00719765,0.007857908397565182,0.01649465
aI4,0.0290729,0.029743502816987875,0.0248447
aI5,0.01549735,0.014674130625878076,0.0178143
aI6,0.01312775,0.013214850246327965,0.01719085
aI7,0.01262175,0.012723984433244118,0.0149548
aI8,0.0136551,0.013365535661354259,0.014585
aI9,0.013164,0.013025917155786835,0.01397765
aI10,0.0121476,0.011957734909314238,0.0131525
aI11,0.01325705,0.013292784997567494,0.01214035
aI12,0.01362165,0.0133761253919705,0.0109619
aI13,0.0086161,0.009100898674962292,0.0091568
aI14,0.00387675,0.004089288452632459,0.00687075
aI15,0.00162255,0.0017857324623663012,0.004616
aI16,0.00061665,0.0006085630015096748,0.00276425
aI17,0.0002003,0.00023156798681989025,0.00150615
aI18,6.8e-05,6.574272817590855e-05,0.00076095
aI19,2.135e-05,2.179237272392452e-05,0.00036005
aI20,6.2e-06,5.494149311625476e-06,0.0001685
aI21,2.45e-06,1.960750903870662e-06,7.085e-05
aI22,6.5e-07,1.1682859627454936e-06,3.26e-05
aI23,2e-07,6.351645674433529e-07,1.205e-05
aI24,0.0,7.824548720908101e-07,4.55e-06
aI-25,2e-07,5.089461368058705e-07,1.85e-06
aI-24,2e-07,5.842717401112102e-07,4.7e-06
aI-23,1.4e-06,1.7153356648185027e-06,1.485e-05
aI-22,3.3e-06,2.963245686663324e-06,3.12e-05
aI-21,7.3e-06,8.236934340605118e-06,8.275e-05
aI-20,1.855e-05,2.4551613302980798e-05,0.00018245
aI-19,4.63e-05,5.295366223006297e-05,0.00039455
aI-18,0.00012645,0.00013782438784420013,0.0008029
aI-17,0.00032375,0.00031918888647245315,0.0016225
aI-16,0.0008163,0.0008832943513506621,0.0030123
aI-15,0.0019258,0.0020531489847201282,0.0052371
aI-14,0.00427595,0.0043394535669588905,0.00832615
aI-13,0.00830235,0.00851751840672696,0.0121004
aI-12,0.0131762,0.013487068203400218,0.0157102
aI-11,0.01878195,0.019142575003365983,0.01802845
aI-10,0.0173951,0.017313195021811237,0.0185142
aI-9,0.014297,0.014530818074439466,0.0180138
aI-8,0.01440125,0.013986126849714415,0.01829085
aI-7,0.0177226,0.017176314726854082,0.0179723
aI-6,0.0141867,0.014296128053570452,0.01391825
aI-5,0.00308715,0.0032903481689618296,0.0042094
aI-4,0.0130491,0.013156706245127617,0.0202313
aI-3,0.03856875,0.038668653107394826,0.02975765
aI-2,0.0002789,0.0002607678379398109,0.00049905
aI-1,4.66e-05,7.507750477634606e-05,0.0003421
aK0,0.0,0.0,0.0
aK1,2.065e-05,2.4747543784419846e-05,0.00023565
aK2,0.00022855,0.00030491746425680193,0.00480865
aK3,0.01122,0.011613160183074272,0.0143081
aK4,0.01244295,0.011862165612625037,0.0157916
aK5,0.0117633,0.012304594398869753,0.0210071
aK6,0.00868455,0.009254480929389883,0.020453
aK7,0.00891055,0.009207446730975337,0.0182275
aK8,0.0110901,0.011255601373907147,0.01843265
aK9,0.0138049,0.013876133442740381,0.0185568
aK10,0.01787435,0.01712189129359564,0.0173274
aK11,0.0170895,0.016783609235209693,0.01458005
aK12,0.00856525,0.00849690346065914,0.0111301
aK13,0.00344245,0.0038027088729818653,0.00770015
aK14,0.0014378,0.0016186577782508463,0.0047926
aK15,0.0005467,0.0005359786400486789,0.00276035
aK16,0.00016465,0.00016913870008989217,0.00146165
aK17,5.5e-05,5.186267029114484e-05,0.00071325
aK18,1.965e-05,1.8227490232264905e-05,0.00033985
aK19,4.45e-06,5.006338645281547e-06,0.0001522
aK20,1.95e-06,2.1951217946078986e-06,6.86e-05
aK21,4e-07,8.75339084443915e-07,2.795e-05
aK22,1.5e-07,5.75925771239721e-07,1.08e-05
aK23,0.0,4.516576572300084e-07,4.55e-06
aK24,0.0,3.053359933783927e-07,1.7e-06
aK-25,0.0,4.729659544811428e-08,2e-07
aK-24,0.0,7.317390896617675e-08,7.5e-07
aK-23,0.0,7.411714447085845e-07,3e-06
aK-22,5e-08,7.265248794574534e-07,6.85e-06
aK-21,8e-07,1.8704418314886407e-06,1.805e-05
aK-20,2.25e-06,3.4757245653943316e-06,4.86e-05
aK-19,6.1e-06,8.658360339844762e-06,0.000111
aK-18,1.58e-05,1.90908385921437e-05,0.0002523
aK-17,4.69e-05,4.9732984786836555e-05,0.0005614
aK-16,0.0001305,0.000139556845772975,0.00117195
aK-15,0.0003622,0.00040814080678061067,0.00233095
aK-14,0.00089255,0.0009272450006261148,0.00429845
aK-13,0.002083,0.0021804023013014874,0.0071796
aK-12,0.0050766,0.00529997202602463,0.01084985
aK-11,0.00958135,0.009985571843220846,0.0144878
aK-10,0.0111167,0.011274105013408437,0.0173994
aK-9,0.00936305,0.009799314979141216,0.0192225
aK-8,0.0093603,0.009909321211226205,0.01985445
aK-7,0.0108772,0.010898422302938887,0.01812575
aK-6,0.0132239,0.0133237988468247,0.02636945
aK-5,0.00229345,0.002408062734361682,0.0046431
aK-4,0.05221405,0.050938072361558624,0.0447007
aK-3,0.00068675,0.0007017869286738377,0.0011582
aK-2,3.15e-05,3.371091745259138e-05,9.84e-05
aK-1,2.85e-06,0.0,0.0
aL0,0.0,0.0,0.0
aL1,3.535e-05,4.960624140837914e-05,0.000388
aL2,0.0009706,0.0009110380463687504,0.0031989
aL3,0.0066099,0.006540923825021649,0.01256915
aL4,0.21637325,0.21328073284565457,0.1901572
aL5,0.05389345,0.054277022672583136,0.05882585
aL6,0.05861875,0.05992193571320661,0.0583489
aL7,0.04226495,0.042757045743217426,0.04843145
aL8,0.0363457,0.03691554360671291,0.04171825
aL9,0.0304085,0.030400513351359532,0.03700495
aL10,0.03250595,0.0325032618960918,0.03432545
aL11,0.0427142,0.042448482723447464,0.0328696
aL12,0.0488627,0.04859082517197714,0.0307007
aL13,0.031186,0.031211246326926033,0.02674515
aL14,0.01491425,0.016459543432481075,0.02103485
aL15,0.0074216,0.008245419275021875,0.01484825
aL16,0.00318255,0.003231578358680969,0.00941105
aL17,0.0010591,0.0012069453187444803,0.0054141
aL18,0.0003446,0.0003474706469584303,0.00287025
aL19,0.00012545,0.0001548457509063911,0.001422
aL20,3.61e-05,4.914378031778573e-05,0.00066175
aL21,1.31e-05,2.382338220051707e-05,0.0002996
aL22,3.9e-06,9.369451547184787e-06,0.00012755
aL23,1.2e-06,6.394485340895964e-06,5.645e-05
aL24,3.5e-07,6.983051828704089e-06,2.14e-05
aL-25,0.0,1.9124815619499693e-06,3.9e-06
aL-24,0.0,3.3998194126133384e-06,9.55e-06
aL-23,5.5e-07,6.382968600213997e-06,2.685e-05
aL-22,1.85e-06,6.879117505178315e-06,6.82e-05
aL-21,5.9e-06,1.072842657549477e-05,0.0001665
aL-20,1.63e-05,2.483674620110118e-05,0.0003911
aL-19,3.815e-05,4.928407965902644e-05,0.00090135
aL-18,0.00012345,0.00014925746217897174,0.00198565
aL-17,0.0003293,0.0003384834722569744,0.0041156
aL-16,0.001021,0.0010959742140378935,0.00815515
aL-15,0.0033706,0.003528193077894772,0.01499425
aL-14,0.00838925,0.009292043602833727,0.02528265
aL-13,0.0190866,0.020824773887160378,0.03854055
aL-12,0.0424843,0.0434114697730377,0.05234395
aL-11,0.07672545,0.0778360641089964,0.06255465
aL-10,0.083547,0.0829460353857107,0.06523495
aL-9,0.070412,0.06893873494431822,0.06062405
aL-8,0.0553233,0.05377898682076233,0.0560884
aL-7,0.0534128,0.053127811634431775,0.04863565
aL-6,0.02733605,0.027857597709688823,0.028963
aL-5,0.0072189,0.006596836006526031,0.008974
aL-4,0.0015761,0.0016834879874372474,0.00276415
aL-3,0.176726,0.17762632461002983,0.14968965
aL-2,0.0004257,0.0003007346842244731,0.00061335
aL-1,0.00032095,0.00012097611066090098,0.00033475
aM0,0.0,0.0,0.0
aM1,8.55e-06,1.2940032185534809e-05,7.065e-05
aM2,0.00022755,0.0003208313957979961,0.00178005
aM3,0.0030174,0.0033586816374262815,0.00467985
aM4,0.0070344,0.007772403568568932,0.0065438
aM5,0.0074006,0.0069456134494928325,0.0059118
aM6,0.0065193,0.0060847879224018705,0.00590155
aM7,0.0060207,0.006014493621048733,0.0053257
aM8,0.0061315,0.005829903641377116,0.0051517
aM9,0.0040848,0.003961228319707962,0.00455315
aM10,0.0020972,0.0020687946836848653,0.0035183
aM11,0.0009092,0.0009322603175966607,0.00236965
aM12,0.00034525,0.0003372126185084101,0.00140965
aM13,0.00011225,0.00011472674846969325,0.0007599
aM14,3.57e-05,3.909005313876382e-05,0.0003717
aM15,1.36e-05,1.4394118490141247e-05,0.0001722
aM16,4.3e-06,4.739137036688202e-06,7.895e-05
aM17,1.45e-06,2.1818742199789236e-06,3.17e-05
aM18,9e-07,7.245663377473601e-07,1.42e-05
aM19,5e-08,6.189321186819238e-07,5.65e-06
aM20,5e-08,2.2207872392040237e-07,2.15e-06
aM21,0.0,2.047884272283439e-07,5.5e-07
aM22,0.0,1.359180105402767e-07,2.5e-07
aM23,0.0,1.269812745017104e-08,1.5e-07
aM24,0.0,0.0,0.0
aM-25,0.0,1.5489569675358543e-08,1.5e-07
aM-24,0.0,3.136244477824609e-08,3e-07
aM-23,0.0,9.827275942023136e-08,7.5e-07
aM-22,1e-07,5.677292270028596e-07,2.85e-06
aM-21,0.0,9.667838180053164e-07,6.6e-06
aM-20,9e-07,1.3705851649357023e-06,1.485e-05
aM-19,3e-06,3.356077118902343e-06,3.725e-05
aM-18,6.35e-06,8.38779411437326e-06,8.725e-05
aM-17,1.77e-05,2.1711377556095806e-05,0.0001915
aM-16,4.955e-05,5.910528960824296e-05,0.000406
aM-15,0.00012985,0.00015792464886369708,0.0007788
aM-14,0.0003646,0.00041270411009943544,0.00141585
aM-13,0.0008575,0.0009959429508077748,0.0023664
aM-12,0.0020522,0.002374606401573215,0.0035408
aM-11,0.00440105,0.00466781485465892,0.0046477
aM-10,0.0060678,0.0059778416762229615,0.00549235
aM-9,0.0051543,0.0052002428835630846,0.0058546
aM-8,0.0051259,0.004983427738001792,0.00591235
aM-7,0.0150942,0.014226896271792912,0.01340165
aM-6,0.00326815,0.0032241948358720392,0.00268255
aM-5,0.0008443,0.0008886233129262705,0.0010349
aM-4,0.0003299,0.00039229437389628677,0.00044985
aM-3,0.0001851,0.00020947279286074252,0.0002998
aM-2,9.2e-06,8.539889029732782e-06,2.81e-05
aM-1,3.1e-06,0.0,0.0
aN0,0.0,0.0,0.0
aN1,2.235e-05,4.0873367591174486e-05,0.00017725
aN2,0.0007327,0.000751671960605968,0.00372685
aN3,0.01020115,0.010189924120294751,0.01107575
aN4,0.0088271,0.00912939093581882,0.01224565
aN5,0.0201406,0.01920879694596041,0.01807735
aN6,0.0224173,0.02131953347005459,0.02435085
aN7,0.0524407,0.05086541151650976,0.03549545
aN8,0.08027485,0.07988872388146404,0.05134625
aN9,0.0951296,0.0956279706843452,0.0627811
aN10,0.08203425,0.08498257299816661,0.0641941
aN11,0.0483297,0.05125745703170176,0.05584005
aN12,0.02301545,0.02608603974782022,0.04212405
aN13,0.01074585,0.011376371886098446,0.0281532
aN14,0.0047229,0.004676297759552119,0.016953
aN15,0.00167635,0.0018707223831950523,0.0093001
aN16,0.0005748,0.0005668711069924001,0.00475965
aN17,0.00020025,0.0002161081254088702,0.00230835
aN18,6.255e-05,7.227287100826083e-05,0.00104595
aN19,2.47e-05,2.659900123357155e-05,0.00046895
aN20,7.65e-06,1.326364716655419e-05,0.00020245
aN21,2.55e-06,9.22953841860722e-06,8.165e-05
aN22,1.5e-07,7.817880103980591e-06,3.15e-05
aN23,0.0,4.752226412752738e-06,1.13e-05
aN24,0.0,2.4986220272085574e-06,4.35e-06
aN-25,0.0,1.20180305085377e-07,1e-07
aN-24,0.0,3.53897728560863e-07,9.5e-07
aN-23,0.0,5.133909193540121e-07,2.4e-06
aN-22,1.5e-07,1.3216826991365724e-06,6.35e-06
aN-21,9.5e-07,1.7257314962016673e-06,1.67e-05
aN-20,2e-06,4.015658691361261e-06,3.84e-05
aN-19,7e-06,1.0120361783691968e-05,9.43e-05
aN-18,1.65e-05,2.07491438483169e-05,0.0002029
aN-17,4.555e-05,5.7372568142545094e-05,0.00045565
aN-16,0.00013175,0.00014845864296966183,0.0009634
aN-15,0.00034035,0.00037105981120648385,0.0018899
aN-14,0.00082645,0.0008628678180801541,0.0034547
aN-13,0.0019393,0.002077032016068791,0.00562995
aN-12,0.0047498,0.005011036083578611,0.00826115
aN-11,0.0085042,0.008866653545037635,0.01063105
aN-10,0.01013585,0.01016399769984358,0.01206485
aN-9,0.01002205,0.009742335812933637,0.01308905
aN-8,0.01280705,0.012804576642537086,0.0150273
aN-7,0.03843305,0.03945049674214801,0.0338545
aN-6,0.19406105,0.19275200427015168,0.1813069
aN-5,0.1786287,0.18482947462716504,0.15626545
aN-4,0.00040175,0.0004880382997299616,0.00058505
aN-3,0.0002082,0.00025610834782497646,0.000348
aN-2,0.00031545,0.0002658935685045141,0.0005219
aN-1,6.35e-06,6.234073530805558e-06,4.625e-05
aP0,0.0,0.0,0.0
aP1,6.84e-05,5.747011042871589e-05,0.00068255
aP2,0.000515,0.000530457239766435,0.0051508
aP3,0.00352775,0.0035297659873936515,0.0204986
aP4,0.1241361,0.12451295062685515,0.0824611
aP5,0.05384385,0.0560154939654732,0.0878388
aP6,0.0551177,0.055142964115742654,0.07557765
aP7,0.03217185,0.03276707330448975,0.0560499
aP8,0.0385353,0.038112779978798444,0.0479221
aP9,0.03973605,0.039504821175111525,0.04464885
aP10,0.0375801,0.037316811455567665,0.041268
aP11,0.0344371,0.03343509889139761,0.03577815
aP12,0.01668445,0.016736449085584765,0.02848775
aP13,0.00726765,0.007442537940986939,0.0205515
aP14,0.00307395,0.00320260464204566,0.0133886
aP15,0.0012352,0.0011719034367691384,0.0079341
aP16,0.00042075,0.00043992982825069517,0.0043289
aP17,0.00014565,0.00014577477684313804,0.0021942
aP18,5.195e-05,6.138154954466895e-05,0.00104525
aP19,1.605e-05,1.5841527938395664e-05,0.00048285
aP20,5.55e-06,8.360768152952738e-06,0.0002083
aP21,2.3e-06,2.9351030656648024e-06,8.85e-05
aP22,5.5e-07,2.6270301095891638e-06,3.875e-05
aP23,2e-07,1.953911565032499e-06,1.39e-05
aP24,0.0,1.1042479654545716e-06,4.9e-06
aP-25,0.0,3.261867937133135e-07,1.15e-06
aP-24,0.0,1.4657926381210732e-06,4e-06
aP-23,1.5e-07,2.5395620555944226e-06,9.95e-06
aP-22,1.05e-06,4.36526157391877e-06,2.85e-05
aP-21,3.5e-06,7.255399929549368e-06,7.555e-05
aP-20,1e-05,1.2765138621111526e-05,0.0001873
aP-19,2.51e-05,2.9081086223087628e-05,0.000443
aP-18,8.04e-05,8.90314609986558e-05,0.00101195
aP-17,0.0002242,0.00023353821523818495,0.0022274
aP-16,0.0006933,0.0007591405802522573,0.00468345
aP-15,0.00206055,0.0019579691296103285,0.0093348
aP-14,0.0052726,0.005487237749139346,0.0171941
aP-13,0.01205705,0.013351272762306594,0.0288419
aP-12,0.0277027,0.029106949832900682,0.04271325
aP-11,0.05187135,0.053671111282195996,0.055252
aP-10,0.0588459,0.059008758470188424,0.06157935
aP-9,0.0497323,0.050453830136404185,0.05998815
aP-8,0.0421442,0.04227485607731507,0.0563631
aP-7,0.045797,0.045262097172942016,0.0502551
aP-6,0.0333502,0.03354817603493121,0.0410403
aP-5,0.00691595,0.006386088382424503,0.01129695
aP-4,0.1105943,0.10746942876555136,0.1325813
aP-3,0.00093165,0.0008389563193546663,0.001085
aP-2,0.00024465,0.0001949402079485361,0.0003966
aP-1,1.535e-05,8.534702235980374e-06,5.18e-05
aQ0,0.0,0.0,0.0
aQ1,1.005e-05,1.2475374950029653e-05,0.00015625
aQ2,0.00019375,0.00020651843971180014,0.0013599
aQ3,0.00512915,0.004988526253869048,0.006333
aQ4,0.0760388,0.07554950527336156,0.06854365
aQ5,0.0474975,0.04669105186156792,0.0380867
aQ6,0.0615846,0.06246242754717933,0.04881185
aQ7,0.0425718,0.04187353222091228,0.0534253
aQ8,0.0489985,0.046552612570174685,0.06343895
aQ9,0.0616161,0.06050216745449618,0.08304055
aQ10,0.1022954,0.10185149966062117,0.105551
aQ11,0.1252917,0.12711710530550283,0.11875965
aQ12,0.13638065,0.14365309549903177,0.11450825
aQ13,0.07629915,0.07966429647530114,0.0952089
aQ14,0.0327392,0.03700044006288178,0.0694328
aQ15,0.014549,0.015499284692764103,0.04492075
aQ16,0.00624535,0.00610095242611522,0.02632105
aQ17,0.00214645,0.002246378993067679,0.01413415
aQ18,0.00073575,0.0006995642660392625,0.0070947
aQ19,0.00027035,0.00029275396890750564,0.0033679
aQ20,8.275e-05,8.600690507228138e-05,0.00153045
aQ21,3.46e-05,3.3467457948754543e-05,0.0006608
aQ22,1.08e-05,1.0335824168891286e-05,0.00028395
aQ23,3.95e-06,6.4076731154922156e-06,0.0001128
aQ24,8e-07,6.035242365165901e-06,4.46e-05
aQ-25,0.0,4.439260533669284e-07,1.05e-06
aQ-24,0.0,1.6632583688541908e-06,4.6e-06
aQ-23,0.0,1.6606437545492892e-06,9.5e-06
aQ-22,2e-07,2.060593369440798e-06,2.71e-05
aQ-21,1.3e-06,2.756420233055481e-06,6.475e-05
aQ-20,5.1e-06,9.977671429521424e-06,0.0001438
aQ-19,1.395e-05,2.3084868085059806e-05,0.00033885
aQ-18,8.455e-05,8.39640352717585e-05,0.00073455
aQ-17,0.00023505,0.00021344429288649175,0.0015185
aQ-16,0.00065905,0.0006482654129263892,0.00293485
aQ-15,0.00168125,0.0016382024865236988,0.0053523
aQ-14,0.00397335,0.004267908659827167,0.00889865
aQ-13,0.00869435,0.009900883768324348,0.0138673
aQ-12,0.01741385,0.017891972861082534,0.0201616
aQ-11,0.02869965,0.028828054915144615,0.02777625
aQ-10,0.03709935,0.03772908421335247,0.035949
aQ-9,0.0535884,0.053440882209743384,0.04194245
aQ-8,0.0600053,0.05842963617461212,0.0407409
aQ-7,0.0307118,0.030957658619742322,0.02900545
aQ-6,0.0102471,0.009791466984154285,0.03860475
aQ-5,0.0752683,0.07224658695128258,0.0973942
aQ-4,0.00198285,0.0017537348362852844,0.00264895
aQ-3,0.51032305,0.5252206286599808,0.5969215
aQ-2,3.64e-05,2.643396863718782e-05,0.00011055
aQ-1,1.95e-06,0.0,0.0
aR0,0.0,0.0,0.0
aR1,0.0001631,0.00014878098978737085,0.00129395
aR2,0.00210375,0.002155388211756532,0.0203984
aR3,0.06953155,0.07107223660755427,0.08060375
aR4,0.0704568,0.07080163283292258,0.08295315
aR5,0.09559295,0.09643915101390028,0.11143825
aR6,0.0979649,0.10005532483137286,0.1204456
aR7,0.07026545,0.07095073903804049,0.1005413
aR8,0.0517194,0.053166017298329704,0.07621125
aR9,0.0299507,0.030602388874155343,0.05274545
aR10,0.01490225,0.015468616641232677,0.03349765
aR11,0.00649325,0.006765072870604824,0.0194316
aR12,0.0024705,0.002367379993285059,0.01041305
aR13,0.00087995,0.0008247333845468116,0.00518155
aR14,0.0002936,0.00029415219467457653,0.0024732
aR15,9.945e-05,9.672983573664329e-05,0.0011009
aR16,3.36e-05,3.67424539210453e-05,0.0004776
aR17,1.12e-05,1.576659710338066e-05,0.00020065
aR18,3.05e-06,7.1273610407557015e-06,8.115e-05
aR19,1.3e-06,3.890542953722942e-06,3.215e-05
aR20,3e-07,2.106823074290563e-06,1.235e-05
aR21,2e-07,1.0165315255525768e-06,4.6e-06
aR22,0.0,1.7353605226797558e-07,1.15e-06
aR23,0.0,1.0215055753783181e-07,7.5e-07
aR24,0.0,3.22240882524572e-08,1.5e-07
aR-25,0.0,8.092978035536422e-07,1.95e-06
aR-24,0.0,8.918160021796895e-07,4.65e-06
aR-23,5e-08,2.1872704547704057e-06,1.4e-05
aR-22,9.5e-07,4.361950530816087e-06,3.705e-05
aR-21,4.2e-06,8.591524332593519e-06,9.245e-05
aR-20,1.27e-05,1.8214443829605e-05,0.000226
aR-19,3.63e-05,4.794544456075376e-05,0.0005317
aR-18,9.655e-05,0.00011800708671962269,0.00120745
aR-17,0.0002754,0.0002896378453723425,0.0026151
aR-16,0.00080055,0.0007891812119829028,0.0054712
aR-15,0.00217565,0.0023463960224450616,0.01078945
aR-14,0.00551805,0.0057352832347640145,0.0199796
aR-13,0.0136606,0.0142040932245796,0.03416895
aR-12,0.0334032,0.03496818595851304,0.05375785
aR-11,0.05746235,0.06019261775223377,0.07726675
aR-10,0.08081805,0.08415949091983008,0.10066045
aR-9,0.09086135,0.09147300639485868,0.11801815
aR-8,0.09028395,0.09081514519285995,0.1183513
aR-7,0.07658165,0.07596479312518854,0.10022785
aR-6,0.0405116,0.04027945514071652,0.0524298
aR-5,0.0152893,0.015006390017335912,0.015707
aR-4,0.0039079,0.003690615197421664,0.00543325
aR-3,0.0010816,0.0009929075487602015,0.00198165
aR-2,0.0001393,0.00015306451930900233,0.00052325
aR-1,1.6e-05,1.3874678364797686e-05,4.195e-05
aS0,0.0,0.0,0.0
aS1,0.04002505,0.03411195854272085,0.0369465
aS2,0.87356325,0.8765841413354805,0.8247619
aS3,0.7880638,0.786287440053416,0.7003928
aS4,0.0771886,0.07793490347659653,0.0662552
aS5,0.0878289,0.08711905420550728,0.08183195
aS6,0.0769732,0.07874065079010731,0.07168675
aS7,0.089442,0.09333162697908642,0.0720542
aS8,0.0923658,0.09519551997435488,0.07167285
aS9,0.0702117,0.07514398173143882,0.0657128
aS10,0.04155765,0.04363883369021633,0.0535275
aS11,0.0196558,0.0208807435236499,0.0387308
aS12,0.0084134,0.008936504635573056,0.02519955
aS13,0.00327205,0.0034809452883848057,0.01492575
aS14,0.00116835,0.0011979094451302537,0.0081159
aS15,0.0004013,0.00046043707759020364,0.00414155
aS16,0.00012875,0.0001569075135334369,0.00201935
aS17,4.625e-05,6.509704673244554e-05,0.0009301
aS18,1.54e-05,2.3871678708324106e-05,0.00041425
aS19,4.75e-06,1.571420118390927e-05,0.000176
aS20,1.6e-06,1.0297134477622375e-05,7.005e-05
aS21,3e-07,6.385321488226098e-06,2.93e-05
aS22,2e-07,3.1107798937366944e-06,1.04e-05
aS23,1e-07,1.5276347667968413e-06,3.5e-06
aS24,0.0,6.414553673157615e-07,1.35e-06
aS-25,9.5e-07,2.1321866118404337e-05,9.825e-05
aS-24,6.75e-06,2.7898591871679315e-05,0.00025645
aS-23,1.965e-05,3.404964326754238e-05,0.0006327
aS-22,6.445e-05,8.003378347487028e-05,0.00149125
aS-21,0.0001691,0.0002011462479432778,0.0034316
aS-20,0.00053585,0.0005999369255029494,0.0076247
aS-19,0.00156355,0.0015885932209773951,0.0161106
aS-18,0.0046405,0.004863070268354258,0.0322607
aS-17,0.01404815,0.014102096138830964,0.06050995
aS-16,0.0358203,0.03768251089714186,0.1042469
aS-15,0.08233005,0.08954510185042773,0.16247595
aS-14,0.18768715,0.1960412774609122,0.2254405
aS-13,0.3615447,0.3680829048197758,0.27386455
aS-12,0.43780855,0.43729620919872997,0.2867904
aS-11,0.36676885,0.3584662808125573,0.2548063
aS-10,0.24814595,0.2400132744317803,0.19235625
aS-9,0.14249465,0.1393695204418214,0.13218305
aS-8,0.1092152,0.11147164911196754,0.1074102
aS-7,0.13849785,0.1434406626982424,0.1408279
aS-6,0.08660435,0.08905401046364991,0.08667295
aS-5,0.04801725,0.04738318385506389,0.0442264
aS-4,0.00330205,0.0030769962086958677,0.00404555
aS-3,0.00065405,0.0006029131781594899,0.00115145
aS-2,0.00031725,0.00024330173140181001,0.00054165
aS-1,7.105e-05,1.9963626939887414e-05,0.00010205
aT0,0.0,0.0,0.0
aT1,0.0003043,0.00023964526285128444,0.00051725
aT2,0.0270515,0.026714903383574053,0.02929705
aT3,0.03214235,0.03243430079712231,0.0362022
aT4,0.0368201,0.03657548483151521,0.03845775
aT5,0.07868565,0.07658573300426927,0.06454935
aT6,0.0924354,0.09086506921123874,0.0779063
aT7,0.08434575,0.08454423236064504,0.0786895
aT8,0.09576995,0.0926075794376931,0.0810728
aT9,0.10569625,0.10454424039737205,0.08622075
aT10,0.09967225,0.10051365584496037,0.08885465
aT11,0.09065625,0.091956928429457,0.0839122
aT12,0.06897595,0.07263317848120461,0.0714472
aT13,0.04574025,0.04636322173115709,0.0545649
aT14,0.02215025,0.022681587126163524,0.03777115
aT15,0.0100794,0.010513320943340117,0.02395165
aT16,0.00472535,0.005277883175815895,0.01408905
aT17,0.001935,0.0019041583407829216,0.00774635
aT18,0.00065215,0.0007767505092569378,0.00400435
aT19,0.00020195,0.00021291020198007564,0.00195575
aT20,7.52e-05,8.301857740168886e-05,0.0009155
aT21,2.355e-05,3.41484068818912e-05,0.0004089
aT22,7.7e-06,1.4212273051431546e-05,0.0001739
aT23,2.05e-06,8.0793180573754e-06,7.325e-05
aT24,7e-07,4.8674300644088696e-06,2.91e-05
aT-25,0.0,5.973674052774934e-07,2.75e-06
aT-24,5e-07,1.015796633766261e-06,7.2e-06
aT-23,8.5e-07,2.2691181925022943e-06,1.835e-05
aT-22,1.95e-06,4.4843848860400285e-06,4.615e-05
aT-21,7.3e-06,1.0621377849579391e-05,0.0001112
aT-20,2.1e-05,2.805845870334135e-05,0.0002498
aT-19,5.905e-05,6.135346113924339e-05,0.00053945
aT-18,0.00016155,0.00016410735529782483,0.00113585
aT-17,0.0004388,0.00045978464813441373,0.00225425
aT-16,0.0011472,0.001175242569463908,0.00425335
aT-15,0.0027621,0.002956712319741806,0.00771525
aT-14,0.00624315,0.00633571561666978,0.0131944
aT-13,0.01336715,0.013484861403353601,0.02150885
aT-12,0.024603,0.024965963047266306,0.0327415
aT-11,0.03997305,0.04111818946444189,0.0457842
aT-10,0.0592386,0.05927200725237559,0.0573096
aT-9,0.07697165,0.07642893206737882,0.0628059
aT-8,0.0790384,0.07679395160857332,0.0615072
aT-7,0.0574336,0.05931831272266326,0.05815605
aT-6,0.13863085,0.1438595559230112,0.12118625
aT-5,0.12081615,0.11006252600364089,0.0901972
aT-4,0.1384616,0.14299439002944936,0.18391695
aT-3,0.00067925,0.0005588927715397961,0.00099185
aT-2,0.13808385,0.13803463408934033,0.11715515
aT-1,8.7e-06,4.690040276320934e-06,3.755e-05
aV0,0.0,0.0,0.0
aV1,0.0004607,0.00034187324741886716,0.00058935
aV2,0.025063,0.024562969061923155,0.02492065
aV3,0.004746,0.004575469523352161,0.00827995
aV4,0.0492023,0.051223019094501956,0.0543723
aV5,0.0453816,0.045119200952289724,0.04745505
aV6,0.03442515,0.03302390893214434,0.03333995
aV7,0.03477475,0.034532165044253174,0.03237675
aV8,0.03043545,0.03031331620651282,0.0297559
aV9,0.02125425,0.022506513323843878,0.0242747
aV10,0.01147785,0.01236661673825888,0.017849
aV11,0.0084024,0.008681681549684345,0.0126773
aV12,0.00577865,0.00583058510803958,0.00916405
aV13,0.0039683,0.004635265496684412,0.0067558
aV14,0.0027078,0.0031841301601578,0.0049369
aV15,0.0012946,0.0013208326814799515,0.0033332
aV16,0.0004698,0.0006007200114931915,0.00207035
aV17,0.00015965,0.00018139117066484877,0.0011734
aV18,6.025e-05,7.32659192764754e-05,0.00061645
aV19,2.02e-05,2.869200152807434e-05,0.0002978
aV20,6.7e-06,1.0496662367718509e-05,0.00014145
aV21,1.8e-06,5.237500573437339e-06,6.265e-05
aV22,1.05e-06,3.0174287339044885e-06,2.835e-05
aV23,2.5e-07,2.83947562134621e-06,1.1e-05
aV24,1.5e-07,1.9746514964468583e-06,4.4e-06
aV-25,0.0,1.0096007749934408e-06,1.8e-06
aV-24,0.0,1.1678897621647064e-06,5.05e-06
aV-23,7.5e-07,2.812478952008777e-06,1.375e-05
aV-22,1.5e-06,4.8194774790118385e-06,3.38e-05
aV-21,4.65e-06,7.675904563911397e-06,8.07e-05
aV-20,1.19e-05,1.580691582975664e-05,0.0001965
aV-19,2.82e-05,3.2366511762733144e-05,0.00044655
aV-18,8.6e-05,8.967790054687416e-05,0.0009692
aV-17,0.00022995,0.0002404776447854128,0.0020179
aV-16,0.0006128,0.0006760486758828284,0.0039825
aV-15,0.00149995,0.0015369189800766125,0.00732055
aV-14,0.00380165,0.004047607810836131,0.0122704
aV-13,0.0084437,0.009234721996569212,0.01866085
aV-12,0.01743375,0.01895154260490468,0.02525745
aV-11,0.03184665,0.03364149272766528,0.03040385
aV-10,0.0365451,0.03655510780868939,0.03345855
aV-9,0.0345679,0.03430836584004162,0.0359188
aV-8,0.03691435,0.03537565393718337,0.0395622
aV-7,0.0469982,0.046538873549613315,0.0415532
aV-6,0.02978485,0.029716499781570975,0.0263992
aV-5,0.0073695,0.0068554775527157295,0.0081722
aV-4,0.0207191,0.021794960927015508,0.01773205
aV-3,0.00063175,0.0005861310395162717,0.00098145
aV-2,0.00036265,0.0003601952178853465,0.0008338
aV-1,0.0021978,0.00255149791728077,0.0082163
aW0,0.0,0.0,0.0
aW1,3.3e-06,1.851270201878718e-05,9.56e-05
aW2,0.0306329,0.030112423863403247,0.032784
aW3,0.0015716,0.001459822749472116,0.00337065
aW4,0.01279745,0.013340120150706439,0.0183534
aW5,0.01523685,0.01528170345732382,0.016854
aW6,0.0136761,0.013447182755609353,0.014455
aW7,0.0082472,0.008280526423238063,0.0109768
aW8,0.0066662,0.006511444390763395,0.0085301
aW9,0.00457745,0.004628632494884381,0.00646325
aW10,0.0025102,0.0026973913712887176,0.00449935
aW11,0.0011537,0.0012301309895635796,0.0028263
aW12,0.00045865,0.000454183193864418,0.00158145
aW13,0.00016215,0.00016648898601592557,0.000814
aW14,5.63e-05,5.725782958211359e-05,0.0003921
aW15,2.005e-05,2.0706964615863048e-05,0.0001847
aW16,5.95e-06,7.1610956748724695e-06,7.835e-05
aW17,3e-06,3.2418636619279225e-06,3.335e-05
aW18,8e-07,1.4692617446067246e-06,1.47e-05
aW19,3.5e-07,8.102354199132454e-07,5.15e-06
aW20,0.0,2.5161429466360624e-07,1.35e-06
aW21,0.0,8.316680849896857e-08,7e-07
aW22,0.0,5.0135660299338536e-08,2.5e-07
aW23,0.0,4.197351295426108e-08,1e-07
aW24,0.0,0.0,0.0
aW-25,5e-08,6.280259703757719e-07,1.65e-06
aW-24,3e-07,8.965802332402679e-07,5.15e-06
aW-23,9e-07,1.4797072208113237e-06,1.32e-05
aW-22,2e-06,2.376192020320292e-06,2.99e-05
aW-21,4.2e-06,4.313296003629046e-06,7.375e-05
aW-20,1.18e-05,1.113500816686002e-05,0.0001585
aW-19,3.43e-05,2.5540895188775242e-05,0.00035575
aW-18,9.125e-05,8.646884210308758e-05,0.0007358
aW-17,0.0002276,0.00021179410669342887,0.0014284
aW-16,0.0005308,0.0005535935776394452,0.00261715
aW-15,0.0013042,0.0013250387815169546,0.0044409
aW-14,0.0029947,0.003003314028390756,0.006845
aW-13,0.00666635,0.006578076572041166,0.00969965
aW-12,0.0104393,0.01095367899376239,0.01246655
aW-11,0.01497105,0.015315457490726481,0.0146697
aW-10,0.01607475,0.016248103698122913,0.01589805
aW-9,0.01399355,0.013641038830820008,0.01606015
aW-8,0.0095061,0.009500840361997472,0.014973
aW-7,0.01020105,0.01019962293095717,0.0125583
aW-6,0.00691475,0.00653224634589263,0.0059108
aW-5,0.00280825,0.0027131277085034634,0.00219025
aW-4,0.00063265,0.0005167667375666446,0.00075025
aW-3,0.00033435,0.0002770734468218968,0.0003732
aW-2,2.105e-05,1.6459677633062645e-05,5.865e-05
aW-1,1.49e-05,0.0,0.0
aY0,0.0,0.0,0.0
aY1,7.65e-06,1.1704498846674585e-05,8.735e-05
aY2,0.00032385,0.00032614322779527514,0.00085935
aY3,0.00149565,0.0015562904963971759,0.00292585
aY4,0.03699685,0.03522478384237304,0.0332267
aY5,0.01570695,0.01463233111086086,0.0174408
aY6,0.01747505,0.016722063111713266,0.0229703
aY7,0.0318197,0.031804978042044366,0.0379359
aY8,0.064128,0.06329539266055928,0.06107155
aY9,0.1058508,0.107833298610392,0.08615135
aY10,0.12199115,0.12472661868626608,0.1070083
aY11,0.11473595,0.11751068497772894,0.1180694
aY12,0.118254,0.11963683732419705,0.1161181
aY13,0.1017072,0.10759810943752185,0.1009952
aY14,0.0549101,0.057312889549991676,0.0778119
aY15,0.0226384,0.025569432683372105,0.0536628
aY16,0.00977025,0.010661951059449922,0.03333635
aY17,0.00393835,0.0038772224508515076,0.018924
aY18,0.00129185,0.001379084113985163,0.0099274
aY19,0.0004395,0.00042506023931276606,0.0048856
aY20,0.0001538,0.00017250252426558794,0.00229385
aY21,4.635e-05,5.3391642183424755e-05,0.0010267
aY22,1.96e-05,1.9748012995878656e-05,0.00043595
aY23,5.85e-06,7.020073483079845e-06,0.00018815
aY24,1.9e-06,3.425369987104984e-06,7.005e-05
aY-25,0.0,3.961379409270121e-07,6e-07
aY-24,0.0,2.7561806234708645e-07,1.65e-06
aY-23,5e-08,1.4369068329615787e-06,5.1e-06
aY-22,3.5e-07,1.477686463852549e-06,1.175e-05
aY-21,5.5e-07,1.9879542995832955e-06,2.99e-05
aY-20,1.3e-06,3.7411810011173952e-06,7.115e-05
aY-19,5.25e-06,6.478903311568785e-06,0.00015125
aY-18,1.07e-05,1.5517363582902775e-05,0.0003454
aY-17,3.035e-05,3.621916638222138e-05,0.0007199
aY-16,9.855e-05,0.00010260193056601522,0.0014319
aY-15,0.00026975,0.00029252410233014626,0.0026381
aY-14,0.00064195,0.0006927756328061763,0.00450195
aY-13,0.00148725,0.0015156350990844147,0.0068899
aY-12,0.00857215,0.008164159225612587,0.0093849
aY-11,0.014725,0.013764291927925812,0.01122625
aY-10,0.0146603,0.014553192115391023,0.01186345
aY-9,0.0121998,0.011891836513108505,0.0117169
aY-8,0.01343875,0.013172910762216003,0.01791735
aY-7,0.0209634,0.020838193056794355,0.0245669
aY-6,0.0722694,0.07661093702962393,0.06524985
aY-5,0.2084026,0.2128560891659973,0.2194602
aY-4,0.0003379,0.0003411153616805713,0.00044305
aY-3,0.117925,0.11670180737294446,0.0999248
aY-2,0.33765115,0.3487941274635962,0.41887825
aY-1,1.78e-05,8.004275697739296e-06,3.665e-05
v5-1,0.0775758,0.080898619033718,0.07012375
v4-3,0.01868715,0.018975787042530275,0.0123138
v16,0.0010739,0.0009958158495595778,0.0007199
v10-1,0.0073395,0.007701573390563431,0.0214426
v13,0.00928505,0.009136780435089953,0.00717195
v6-4,0.00968585,0.011049112249616765,0.0446834
v26,0.0,0.0,0.0
v6-8,0.000236,0.0002276699855318354,0.0043021
v6-7,0.0,0.0,0.0
v5-6,0.02551495,0.025456205828044285,0.0252409
v25-1,0.0121109,0.012211975924014209,0.0202716
v7-8,0.01770225,0.017717113797108303,0.0110798
v15,0.01610905,0.01615418184575149,0.0179735
v7-2,0.0438389,0.04419577530754916,0.0269947
v12-4,0.0,6.288669805686759e-06,2.11e-05
v5-4,0.02999185,0.030135132517217684,0.02206295
v11-1,0.00420085,0.004156158984206847,0.0038817
v5-7,0.0,0.0,0.0
v11-2,0.02548815,0.025510459311941895,0.0213467
v6-1,0.04135735,0.041531124647754616,0.0271131
v4-1,0.0304713,0.03059593001119306,0.0269665
v6-9,0.0002343,0.00022222900637644237,0.00383085
v5-5,0.00997855,0.009719508360487504,0.00809045
v6-5,0.0500832,0.050157498353747616,0.03733835
v6-6,0.02171125,0.0206668095724069,0.0111194
v7-9,0.05759355,0.05267811793385232,0.04378215
v12-3,0.0,2.6846409337653907e-06,9.25e-06
v24-1,0.0,2.758628147777232e-07,1.6e-06
v7-7,0.00380835,0.004251753990799907,0.0117569
v11-3,0.01146205,0.011805733381875877,0.02508925
v30,0.0340751,0.03336127918200019,0.03735515
v4-2,0.0166547,0.01708431412833418,0.0138489
v12-5,0.00592085,0.006059682079721263,0.0169677
v28,0.05896375,0.05726293144112763,0.04199405
v1,0.0,0.0,0.0
v7-1,0.0,0.0,0.0
v9,0.04270465,0.046244926994669124,0.04772345
v5-8,0.0081144,0.007450007144756435,0.0060201
v10-3,0.0231271,0.022985142304718903,0.0235048
v10-2,0.0066286,0.006666594067782388,0.00688935
v7-3,0.0174908,0.019317625110255893,0.03885055
v20-1,0.00552015,0.004330970182817934,0.0052008
v12-1,0.0,0.0,0.0
v14,0.0117926,0.011768404166212736,0.02916635
v2,0.05085295,0.05059214489726267,0.02597125
v12-2,0.0,0.0,0.0
v3-1,1.355e-05,2.336812681635318e-05,0.000257
v29-1,0.03043665,0.02956722143894588,0.0332695
v17,0.0,0.0,0.0
v7-6,0.0135653,0.013533933992698506,0.01431625
v6-2,0.0,2.599255307086016e-07,6.5e-07
v7-4,0.00029755,0.00028181578975060057,0.00927895
v6-3,0.0,4.88893177891199e-07,1e-06
v27,0.0462024,0.045187299712111925,0.0702338
v23-1,0.0,0.0,0.0
v19,0.06764875,0.06851019701750445,0.0509192
v5-3,0.0,0.0,0.0
v18,0.0344501,0.03361107746924601,0.02350295
v3-2,0.0,0.0,0.0
j1-2,0.1196985,0.11849053005162474,0.102548
j1-5,0.0781326,0.07538141289412123,0.10134315
j2-3,0.1012344,0.10547148212863662,0.08169425
j1-4,0.05098395,0.04995367454216654,0.0442342
j2-4,0.0134314,0.013459759250195592,0.0204514
j2-6,0.01910925,0.020210900923090813,0.01572565
j2-1,0.1377984,0.14401880356521396,0.11376775
j1-6,0.0333797,0.032996981499698735,0.032289
j2-2,0.07292955,0.0744642717765634,0.0578616
j2-5,0.0,0.00012225536142772985,0.0763908
j1-1,0.14890985,0.13455872485168055,0.10908025
j1-3,0.038624,0.03868912251242716,0.0298611
j2-7,0.1857684,0.1921820806430913,0.21475285
