Feature,energy,marginal_data,marginal_model,marginal_gen
l1,-5.253647,0.0,0.0,0.0
l2,-4.6912246,0.0,0.0,0.0
l3,-5.1207933,1.8142728847846006e-05,0.0,0.0
l4,-4.0689716,5.442818654353802e-05,3.937406021182008e-05,8e-06
l5,-3.74369,9.978500866315302e-05,0.00010297239972883342,8.9e-05
l6,-2.1387484,0.0005714959587071491,0.0005786097909423395,0.001037
l7,-1.8268173,0.003338262108003665,0.004320452375450034,0.004455
l8,-0.69577765,0.0017326306049692934,0.0026548641102985757,0.012065
l9,-1.2290004,0.004508468118689732,0.006199813834664411,0.029094
l10,-3.1553361,0.028039587434346,0.03699556655638805,0.07616
l11,-4.176053,0.13786659651478178,0.14951261592353352,0.155151
l12,-4.7780657,0.29417527690339906,0.2702669515946737,0.234752
l13,-5.4025636,0.29359470958026795,0.2878722838900906,0.238969
l14,-4.893827,0.17102243348422036,0.17285216802269443,0.153769
l15,-4.1561513,0.05750337908324791,0.06033747408327782,0.064069
l16,-3.7222984,0.0061050282573001805,0.006660909864072874,0.020958
l17,-2.4835377,0.0009797073577836842,0.0010446954253008958,0.006407
l18,-1.8122787,0.0002993550259894591,0.00038450851906984227,0.001969
l19,-0.101534344,0.0,4.68626980360364e-05,0.000723
l20,-0.32747877,7.257091539138402e-05,8.286991793661724e-05,0.00024
l21,0.3822265,9.071364423923003e-06,5.210062192969879e-05,6.2e-05
l22,-0.012744905,9.071364423923003e-06,2.1834725138893045e-05,1.7e-05
l23,0.036615584,0.0,6.755388828533165e-06,6e-06
l24,0.036777467,0.0,0.0,0.0
l25,0.058356233,0.0,0.0,0.0
l26,-0.016736299,0.0,0.0,0.0
l27,0.025097318,0.0,0.0,0.0
l28,0.020184383,0.0,0.0,0.0
l29,0.006589189,0.0,0.0,0.0
l30,-0.026275884,0.0,0.0,0.0
aA-25,-0.029051762,0.0,0.0,0.0
aA-24,0.016959757,0.0,0.0,0.0
aA-23,0.009348763,0.0,0.0,0.0
aA-22,-0.04936442,0.0,0.0,0.0
aA-21,-0.19291517,0.0,6.8214471268386716e-06,7e-06
aA-20,-0.061419554,0.0,2.1689267480834958e-05,1.7e-05
aA-19,-0.21324396,0.0,4.8983347753116087e-05,9e-05
aA-18,-0.029774323,9.071364423923003e-06,3.565110116027037e-05,0.000282
aA-17,-0.16388164,4.535682211961501e-05,5.148105577223645e-05,0.000652
aA-16,0.36168578,0.00017235592405453703,0.00023763845593642637,0.001613
aA-15,0.5040273,0.0011429919174142983,0.001235962750091691,0.007137
aA-14,0.25910643,0.01842394114498762,0.019243708879424556,0.028632
aA-13,0.11261458,0.05797509003329191,0.05845352953944955,0.068233
aA-12,0.61484927,0.09153006703738309,0.09062343283358658,0.100306
aA-11,0.7408486,0.0859330351878226,0.08841452346913571,0.094626
aA-10,0.7269651,0.07160027939802426,0.0749912332243022,0.075473
aA-9,1.226076,0.08913522682946742,0.09288286577196278,0.075994
aA-8,0.10828962,0.0970908134292479,0.09552793392265027,0.071773
aA-7,0.20637769,0.050101145713326745,0.0524477969850525,0.053684
aA-6,-0.26753324,0.03310140878289503,0.03514696980187274,0.047715
aA-5,0.008056445,0.04707130999573646,0.04875606282887104,0.057126
aA-4,0.23138699,0.05387483331367871,0.05382121484869125,0.05784
aA-3,0.5167063,0.02268748242423143,0.02562293929311906,0.036133
aA-2,-0.626374,0.004635467220624654,0.0043440282889911,0.004485
aA-1,0.5930659,0.0,2.2925948814005884e-05,0.000138
aA0,0.2061568,0.0,0.0,0.0
aA1,-0.7020068,0.13255984832678683,0.1313637154662016,0.151052
aA2,1.6399282,0.16461805020093073,0.17043235080575744,0.214207
aA3,-0.48594862,0.017897802008400084,0.021390579505392922,0.012247
aA4,1.1813872,0.25993994756751365,0.26558757045231696,0.225346
aA5,-1.5494465,0.0023494833857960577,0.0021682292621780525,0.001383
aA6,-1.2059388,0.0021499133684697515,0.0031460292681192506,0.001973
aA7,0.5250755,0.046771954969747,0.04943154897792681,0.075551
aA8,-0.100756735,0.020011429919174144,0.021975864701611513,0.012509
aA9,0.072442256,0.05651460036104031,0.05440967414166061,0.061384
aA10,0.09773368,0.015049393579288261,0.014851165971811587,0.01615
aA11,0.008578913,0.00528860545914711,0.0055703269436606015,0.007324
aA12,0.03080155,0.0011157778241425293,0.001355672627824642,0.001848
aA13,-0.12277046,0.00019957001732630604,0.00020206218852567533,0.000629
aA14,-0.2837991,3.628545769569201e-05,4.411137165333951e-05,0.000223
aA15,-0.21899134,1.8142728847846006e-05,1.0209278966103476e-05,9.4e-05
aA16,-0.46732086,9.071364423923003e-06,2.0866875159494268e-05,2.8e-05
aA17,-0.34751317,0.0,1.5572632650494902e-06,7e-06
aA18,-0.5740283,0.0,0.0,0.0
aA19,-0.23166427,0.0,1.0757063822839394e-06,1e-06
aA20,-0.24527252,0.0,0.0,0.0
aA21,-0.004073331,0.0,0.0,0.0
aA22,-0.0012251139,0.0,0.0,0.0
aA23,0.035997003,0.0,0.0,0.0
aA24,0.014173098,0.0,0.0,0.0
aC-25,-0.036454335,0.0,0.0,0.0
aC-24,-0.011474289,0.0,0.0,0.0
aC-23,6.681397e-08,0.0,6.755388828533165e-06,6e-06
aC-22,-0.0009393376,9.071364423923003e-06,2.1834725138893045e-05,1.7e-05
aC-21,0.101080224,9.071364423923003e-06,5.210062192969879e-05,6.2e-05
aC-20,-0.00967153,7.257091539138402e-05,8.36131250450268e-05,0.000241
aC-19,0.25881857,0.0,5.515418885454637e-05,0.000739
aC-18,0.12109767,0.0002993550259894591,0.00040097871443000053,0.00204
aC-17,0.11861794,0.0010159928154793762,0.0010952998427921571,0.006592
aC-16,0.06188319,0.0061594564438437185,0.006718588020486373,0.021289
aC-15,0.07916376,0.05780273410923737,0.06073544546822254,0.065082
aC-14,-0.08697528,0.17649246623184592,0.17949719687726887,0.159799
aC-13,-0.047349624,0.31621869245353196,0.3132375880420057,0.257924
aC-12,-0.19864173,0.339187387174905,0.3188520669755466,0.271059
aC-11,0.07998824,0.1929660640256901,0.20315725555946437,0.195239
aC-10,0.38506413,0.05702259676877999,0.06752673071309347,0.10398
aC-9,-0.18223773,0.016228670954398252,0.018308399403821826,0.043432
aC-8,-0.1854055,0.0037011166849605847,0.004587022411883144,0.018278
aC-7,0.4642592,0.003946043524406506,0.004721482951100665,0.007019
aC-6,0.33315942,0.0015693460453386793,0.0011397606609419091,0.002284
aC-5,0.8003419,0.0011157778241425293,0.0013768207491429705,0.002855
aC-4,0.8260119,0.004354254923483041,0.004796542035613506,0.011142
aC-3,-0.59693444,0.0068488801400618665,0.005939375921587413,0.003199
aC-2,0.17443946,0.0003174977548373051,0.001639872847836094,0.000603
aC-1,0.117836796,4.535682211961501e-05,4.674172963742085e-05,6e-05
aC0,-7.363048e-08,1.0,1.000172154400042,1.0
aC1,-0.31081036,0.1719477126554605,0.17977174572046617,0.154498
aC2,-0.058132887,7.257091539138402e-05,0.0,0.0
aC3,-1.4300945,0.0009797073577836842,0.0012266569685574957,0.000278
aC4,-0.34109026,2.721409327176901e-05,1.468187067282255e-05,3.3e-05
aC5,-0.24317652,8.164227981530702e-05,4.689719908767524e-05,0.000101
aC6,-0.14530224,0.00010885637308707603,0.00021247161996120913,0.000157
aC7,0.22034724,0.0007075664250659942,0.0007499030169590797,0.001029
aC8,0.21940742,0.0010522782731750683,0.0013307866976575774,0.001914
aC9,0.46518442,0.003800901693623738,0.0037204062843840986,0.006468
aC10,-0.0035830375,0.004272612643667734,0.003934774767778684,0.005755
aC11,-0.4332973,0.0019594147155673684,0.0026055498274713514,0.00127
aC12,0.3567564,0.00034471184810907406,0.0003118821241747816,0.001203
aC13,0.030111251,9.071364423923003e-06,2.4158137061333747e-05,0.000174
aC14,-0.37331736,1.8142728847846006e-05,4.377099356099271e-06,3.9e-05
aC15,-0.14642139,0.0,6.982973077497241e-07,1.5e-05
aC16,-0.50394994,0.0,8.891871419474282e-07,5e-06
aC17,-0.47646028,0.0,1.1099602727996873e-07,1e-06
aC18,-0.6295579,0.0,5.248715840574786e-08,1e-06
aC19,-0.28858232,0.0,0.0,0.0
aC20,-0.21511099,0.0,0.0,0.0
aC21,-0.024154922,0.0,0.0,0.0
aC22,-0.07304547,0.0,0.0,0.0
aC23,0.05015841,0.0,0.0,0.0
aC24,0.043218635,0.0,0.0,0.0
aD-25,0.0019133687,0.0,0.0,0.0
aD-24,0.04732845,0.0,0.0,0.0
aD-23,-0.03259142,0.0,0.0,0.0
aD-22,-0.05638731,0.0,0.0,0.0
aD-21,-0.26593438,0.0,0.0,0.0
aD-20,-0.19235107,0.0,6.755388828533165e-06,6e-06
aD-19,-0.527148,0.0,2.158807368524094e-05,1.2e-05
aD-18,-0.110006705,0.0,4.086429366581743e-05,4.4e-05
aD-17,-0.25503495,0.0,1.885836413928823e-05,8e-05
aD-16,0.2028859,3.628545769569201e-05,4.209944684727051e-05,0.000251
aD-15,0.14515913,7.257091539138402e-05,9.682034872610421e-05,0.001052
aD-14,0.023659782,0.0006622096029463792,0.0006768600511036593,0.004407
aD-13,0.1453976,0.0026851238694812086,0.0028720558322916745,0.011768
aD-12,-0.593224,0.008327512541161316,0.008844998938069325,0.018836
aD-11,0.25791824,0.039868646643141596,0.04072512556043742,0.042257
aD-10,-0.078163065,0.11347369757885284,0.11354806475999431,0.098578
aD-9,-0.5235354,0.1741611255748977,0.17302812104699813,0.14236
aD-8,-0.48831847,0.12287163112203707,0.1238691046474203,0.124821
aD-7,-0.32911038,0.07214456126345964,0.07883337325319421,0.077335
aD-6,-0.34156305,0.03256619828188358,0.04082547567009229,0.048124
aD-5,0.13695952,0.024764824877309796,0.02514780250522077,0.032116
aD-4,0.6531384,0.029191650716184223,0.032691107757426965,0.052182
aD-3,0.31472245,0.012409626531926668,0.012945813233059633,0.010121
aD-2,-0.027024757,0.0013607046635884504,0.0012545421511627906,0.001259
aD-1,0.5717476,0.0,3.163642274267221e-05,0.00011
aD0,0.13398975,0.0,0.0,0.0
aD1,-0.5437032,4.535682211961501e-05,0.0,0.0
aD2,0.24483196,0.0,0.0,0.0
aD3,-0.49037623,0.011230349156816677,0.01178525282370641,0.036022
aD4,-0.47544494,0.39509420611954243,0.4148650833451845,0.372287
aD5,-0.22539744,0.1386195197619674,0.13712485310738692,0.154452
aD6,-0.8160704,0.0024039115723395958,0.0034090071018368123,0.003305
aD7,-0.5699227,0.0055244609341691085,0.005462228716476673,0.004559
aD8,0.18914695,0.046898954071681924,0.04837154568453829,0.0487
aD9,0.1553383,0.01078585230004445,0.010913585508342004,0.01538
aD10,0.019588126,0.01571160318223464,0.015108640887792756,0.020064
aD11,-0.5065621,0.0073750192766494005,0.007558714357489839,0.007852
aD12,-0.18618459,0.0008073514337291472,0.000820602542739201,0.00201
aD13,0.12882869,6.349955096746101e-05,6.822639610552129e-05,0.000728
aD14,-0.26331988,3.628545769569201e-05,3.010833041487573e-05,0.000216
aD15,-0.025228845,0.0,7.445597739454549e-06,9.7e-05
aD16,-0.3944936,0.0,6.763497854838638e-06,3.3e-05
aD17,-0.3316447,0.0,1.5459830098474772e-06,1e-05
aD18,-0.62612635,0.0,4.938863146281081e-07,3e-06
aD19,-0.18955606,0.0,7.48935500192135e-08,1e-06
aD20,-0.22303519,0.0,0.0,0.0
aD21,0.0641128,0.0,0.0,0.0
aD22,-0.11353991,0.0,0.0,0.0
aD23,0.040293306,0.0,0.0,0.0
aD24,0.04850071,0.0,0.0,0.0
aE-25,-0.06083053,0.0,0.0,0.0
aE-24,-0.044575043,0.0,0.0,0.0
aE-23,0.081297174,0.0,0.0,0.0
aE-22,0.015999526,0.0,0.0,0.0
aE-21,-0.26159382,0.0,0.0,0.0
aE-20,-0.15912612,0.0,0.0,0.0
aE-19,-0.6315846,0.0,1.0529208035705723e-06,3e-06
aE-18,-0.38132137,0.0,2.869739081763026e-07,4e-06
aE-17,-0.31861752,0.0,2.1355895130369534e-05,1.1e-05
aE-16,-0.1771444,0.0,3.957338750216509e-06,3.6e-05
aE-15,-0.08661069,0.0,1.5156535382904366e-05,0.000203
aE-14,0.89882183,6.349955096746101e-05,0.00012340905563721453,0.000564
aE-13,1.8510666,0.00018142728847846004,0.0002343188992433627,0.000939
aE-12,2.3795347,0.0011157778241425293,0.001307836481154707,0.002135
aE-11,0.34390554,0.0019957001732630606,0.002073890083625871,0.004217
aE-10,-0.5049633,0.003791830329199815,0.004361379686529292,0.005318
aE-9,-0.13484447,0.0011883487395339134,0.0009029977788339908,0.004041
aE-8,0.19459166,0.0007710659760334552,0.0005918237302677375,0.002618
aE-7,0.764811,0.0004898536788918421,0.000559570948430401,0.001961
aE-6,0.40392348,0.0010432069087511452,0.0011501637513472952,0.002749
aE-5,0.6991844,0.003882543973439045,0.005074151531425663,0.010355
aE-4,-0.18831916,0.015403176791821257,0.01673780627577638,0.015252
aE-3,-0.18708833,0.025300035378321255,0.025584473544359696,0.024466
aE-2,-0.71965593,0.003873472609015122,0.003932805576399128,0.003429
aE-1,0.29963112,0.0,7.137257153712652e-06,3.6e-05
aE0,0.1799533,0.0,0.0,0.0
aE1,0.26522878,0.007737873853606321,0.008506111481201489,0.018628
aE2,3.623463,0.00013607046635884503,0.0005006351117319481,0.001639
aE3,-1.0794268,9.978500866315302e-05,1.840751255575136e-05,3e-05
aE4,-3.2037702,0.0016419169607300634,0.001003313241246323,0.000242
aE5,1.7890977,0.0010704210020229142,0.0013423030317419031,0.003176
aE6,-0.3992398,0.0005170677721636111,0.0006975861923984476,0.001233
aE7,0.44828907,0.0017326306049692934,0.002052324294915457,0.003213
aE8,-0.011724156,0.007202663352594864,0.008421466367205335,0.006843
aE9,0.5340656,0.011901630124186978,0.012044843414345701,0.01631
aE10,0.27523893,0.019775574444152146,0.02014647392235088,0.018724
aE11,-0.21025442,0.006567667842920254,0.007164922862665698,0.005847
aE12,0.7481664,0.0005442818654353801,0.000595158344623169,0.001593
aE13,0.17787911,0.00015421319520669103,0.000140148571176956,0.000559
aE14,0.078924984,0.0,3.177125871838651e-05,0.000213
aE15,-0.070563816,1.8142728847846006e-05,1.0969431655258708e-05,6.3e-05
aE16,-0.43632826,0.0,4.59309926137488e-06,2.1e-05
aE17,-0.4809193,0.0,2.7839266671485607e-06,3e-06
aE18,-0.6376058,0.0,0.0,0.0
aE19,-0.29036334,0.0,0.0,0.0
aE20,-0.19663396,0.0,0.0,0.0
aE21,0.0141444225,0.0,0.0,0.0
aE22,-0.01821953,0.0,0.0,0.0
aE23,0.022667557,0.0,0.0,0.0
aE24,0.05856762,0.0,0.0,0.0
aF-25,0.022006325,0.0,0.0,0.0
aF-24,-0.020234074,0.0,0.0,0.0
aF-23,0.03131873,0.0,0.0,0.0
aF-22,-0.03626827,0.0,0.0,0.0
aF-21,-0.26508877,0.0,0.0,0.0
aF-20,-0.18112095,0.0,0.0,0.0
aF-19,-0.6174369,0.0,0.0,0.0
aF-18,-0.34072906,0.0,0.0,0.0
aF-17,-0.45456713,0.0,0.0,0.0
aF-16,-0.15883344,0.0,0.0,0.0
aF-15,-0.24093992,0.0,0.0,0.0
aF-14,0.24923718,0.0,0.0,0.0
aF-13,0.29436892,9.071364423923003e-06,6.893546649741756e-06,7e-06
aF-12,0.12894097,0.00014514183078276804,2.233128536211602e-05,1.3e-05
aF-11,-1.2973585,0.0009162078068162233,4.7982949741090076e-05,5.8e-05
aF-10,-1.5296123,0.0016872737828496785,5.59260173994651e-05,0.000126
aF-9,-1.8066396,0.003664831227264893,0.00023501856887532652,0.000282
aF-8,-0.79668915,0.0008889937135444542,0.0011878644831438388,0.000942
aF-7,-0.65959764,0.0012881337481970663,0.0018898041673527893,0.004698
aF-6,-0.36956874,0.007873944319965166,0.00918107134302887,0.016511
aF-5,-0.012140775,0.023458548400264883,0.02534000961819148,0.028276
aF-4,-0.1609631,0.0424358427751118,0.043893374675339256,0.035351
aF-3,-0.115670525,0.01939457713834738,0.018567627441037116,0.011564
aF-2,-0.28888687,0.0030389070820142057,0.0030860585460625294,0.002357
aF-1,-0.0044611744,0.9974509465968776,0.9977293583131862,0.990828
aF0,0.122509286,0.0,0.0,0.0
aF1,-2.5204232,0.0010159928154793762,0.0,0.0
aF2,-0.8318522,0.0002630695682937671,0.0,0.0
aF3,-2.955494,0.006204813265963334,0.0017332560841142655,0.000151
aF4,-0.58485705,0.00027214093271769006,0.00014267463109311963,0.000134
aF5,1.0705252,0.0007892087048813012,0.0009213513880650219,0.001223
aF6,-0.47284153,0.004372397652330887,0.005023240259242071,0.004664
aF7,-0.8046955,0.00869943848254216,0.012966106868586312,0.01363
aF8,-0.3522179,0.01266362473579651,0.015407814125642771,0.031977
aF9,0.14306164,0.07778694993513974,0.08454893675945539,0.121058
aF10,-0.26024148,0.16245906546803704,0.17563764492780742,0.192231
aF11,-0.15304457,0.29791267904605534,0.2744037844028113,0.236696
aF12,-0.08132239,0.2938033509620182,0.28867413043315543,0.240527
aF13,0.057371967,0.17098614802652468,0.17295241053584928,0.15411
aF14,-0.08488414,0.05754873590536753,0.06037024891280754,0.064191
aF15,0.073953904,0.0061050282573001805,0.006665335939663625,0.020986
aF16,0.024675632,0.0009797073577836842,0.001048291867552451,0.006415
aF17,-0.029316096,0.0002993550259894591,0.0003849967966650699,0.001971
aF18,0.13018462,0.0,4.6848275390376474e-05,0.000723
aF19,0.010794302,7.257091539138402e-05,8.484028798027803e-05,0.000241
aF20,0.10467527,9.071364423923003e-06,5.210062192969879e-05,6.2e-05
aF21,-0.018363448,9.071364423923003e-06,2.1834725138893045e-05,1.7e-05
aF22,-6.701966e-08,0.0,6.755388828533165e-06,6e-06
aF23,0.058151327,0.0,0.0,0.0
aF24,0.047126308,0.0,0.0,0.0
aG-25,-0.05978345,0.0,0.0,0.0
aG-24,0.047951013,0.0,0.0,0.0
aG-23,0.03645756,0.0,0.0,0.0
aG-22,0.0026663525,0.0,6.755388828533165e-06,6e-06
aG-21,-0.22662275,0.0,2.1617864648924314e-05,1.4e-05
aG-20,0.17197196,0.0,4.1202967720523706e-05,4.9e-05
aG-19,-0.35370168,9.071364423923003e-06,1.993419551193362e-05,9.8e-05
aG-18,-0.09112887,0.0,1.4892104603548416e-05,0.000205
aG-17,-0.2804833,8.164227981530702e-05,0.00010519210748387456,0.000749
aG-16,-0.4072274,0.0006531382385224562,0.0006881301997178165,0.004011
aG-15,-0.30150265,0.0029844788954706677,0.0032308226196847327,0.01219
aG-14,-0.3468827,0.0100964286038263,0.010311397135874732,0.018879
aG-13,-0.009421253,0.011611346462621443,0.011932230812269368,0.020293
aG-12,0.43572354,0.021925487812621897,0.02192968475161114,0.01867
aG-11,-0.58832157,0.008545225287335468,0.00846681595291203,0.019706
aG-10,0.25696278,0.01523082086776672,0.0167388296120538,0.028974
aG-9,0.66250294,0.04000471710950044,0.04257353519060486,0.059798
aG-8,0.21985973,0.09993922185835971,0.10091521582922283,0.107156
aG-7,0.35305053,0.1349184030770068,0.12830106062080374,0.13561
aG-6,-0.44471112,0.11690267333109573,0.12214695249287055,0.135895
aG-5,-0.058368985,0.11730181336574834,0.12121492354099146,0.136827
aG-4,-0.118369624,0.10907408583325018,0.10932364840083532,0.131467
aG-3,-0.38128898,0.10266063118553662,0.10594986190223127,0.106254
aG-2,-0.2914842,0.006812594682366175,0.0072826293403492484,0.010303
aG-1,0.83702594,0.0,3.494352808294965e-05,0.000321
aG0,0.12557925,0.0,0.0,0.0
aG1,-0.36005664,0.0532398378040041,0.05418622427975838,0.079687
aG2,-0.8580129,0.0003356404836851511,0.0,0.0
aG3,-0.39408755,0.0013607046635884504,0.0011674283845882515,0.002305
aG4,-0.82139146,0.02616181499859394,0.02491958097244781,0.060598
aG5,-0.4187777,0.30246650398686464,0.30909551575212757,0.312295
aG6,-0.5200656,0.07617224706768146,0.07651238108247692,0.128953
aG7,0.38756338,0.04444968567722271,0.04865554898541179,0.082087
aG8,0.21371841,0.025935030887995862,0.028086440689066697,0.027623
aG9,0.4986847,0.1762838248500957,0.17301642577525617,0.16191
aG10,0.3346939,0.06058764298738173,0.062482176405865224,0.05664
aG11,-0.15409912,0.028602012028629227,0.02962678048817,0.024675
aG12,0.82698184,0.0024039115723395958,0.0024547080135066354,0.006913
aG13,0.3639405,0.0004807823144679191,0.0005685815339962837,0.002535
aG14,-0.4794088,0.00023585547502199807,0.00034031873884271074,0.000824
aG15,0.30704403,1.8142728847846006e-05,6.579736582862638e-05,0.00029
aG16,-0.35887274,1.8142728847846006e-05,3.440932598803995e-05,0.000103
aG17,-0.18883352,0.0,3.749149379130185e-05,3e-05
aG18,-0.63908297,0.0,6.802559377187015e-07,7e-06
aG19,-0.2535179,0.0,0.0,0.0
aG20,-0.31044826,0.0,0.0,0.0
aG21,0.099798545,0.0,0.0,0.0
aG22,-0.07819882,0.0,0.0,0.0
aG23,-0.035012443,0.0,0.0,0.0
aG24,-0.029102229,0.0,0.0,0.0
aH-25,-0.060107518,0.0,0.0,0.0
aH-24,-0.022471718,0.0,0.0,0.0
aH-23,-0.020694366,0.0,0.0,0.0
aH-22,0.0051592593,0.0,0.0,0.0
aH-21,-0.2626815,0.0,0.0,0.0
aH-20,-0.23865965,0.0,0.0,0.0
aH-19,-0.5335892,0.0,6.755388828533165e-06,6e-06
aH-18,-0.36519384,0.0,2.158807368524094e-05,1.2e-05
aH-17,-0.10889335,0.0,4.0816649138865447e-05,4.4e-05
aH-16,0.082113884,0.0,1.9298632872438267e-05,7.8e-05
aH-15,-0.08957939,0.0,7.788885944340272e-06,0.000145
aH-14,0.18616298,8.164227981530702e-05,7.671807708330215e-05,0.000672
aH-13,-0.20542389,0.0006622096029463792,0.0006068401668026436,0.003812
aH-12,-0.1138673,0.0028211943358400536,0.002711735292961879,0.011081
aH-11,-0.21073131,0.006368097825593948,0.0063184699684134095,0.014097
aH-10,0.13970788,0.0024764824877309796,0.0018549835424136046,0.010538
aH-9,0.17598858,0.0032203343704926657,0.001836154301099917,0.005992
aH-8,0.4399312,0.0009887787222076071,0.00066707490961894,0.003194
aH-7,-0.9691772,0.0016691310540018324,0.0015404308760319908,0.003017
aH-6,0.047304645,0.007166377894899172,0.007315783096683408,0.008551
aH-5,-0.32934508,0.01740794832950824,0.017922505726005046,0.019561
aH-4,-0.3791422,0.0586826564583579,0.06008846303545632,0.045911
aH-3,0.025373029,0.009815216306684688,0.009678187055111863,0.009442
aH-2,0.18350968,0.00037192594138084307,0.00037689288704098394,0.0009
aH-1,0.40955275,0.0,8.499721477103464e-06,6.4e-05
aH0,0.20385534,0.0,0.0,0.0
aH1,-1.7102213,0.00047171095004399613,0.0,0.0
aH2,0.0023253693,4.535682211961501e-05,0.0,0.0
aH3,-4.6780133,0.003256619828188358,0.0,0.0
aH4,0.66371536,0.01398804394168927,0.014992724371449315,0.051359
aH5,-0.37849098,0.00023585547502199807,0.00027631073588521045,0.000287
aH6,0.24127828,0.0004444968567722271,0.0006407763368163412,0.000428
aH7,-0.31654814,0.004971107704309806,0.006736846678729949,0.001714
aH8,0.18641761,0.018151800212269927,0.0179186731854552,0.02164
aH9,0.21689397,0.04308898101363426,0.042975380049550524,0.039447
aH10,0.04858219,0.01922222121429284,0.019129651911288088,0.01537
aH11,0.09282575,0.0069577365131489426,0.007325819394128786,0.004654
aH12,0.20639183,0.0007892087048813012,0.0009263465848169175,0.001397
aH13,0.28757316,8.164227981530702e-05,0.00011286068802815847,0.000591
aH14,0.033947375,9.071364423923003e-06,4.178845769364095e-05,0.00016
aH15,0.029317623,0.0,8.124093104771858e-06,5.1e-05
aH16,-0.5067967,1.8142728847846006e-05,3.90365985136523e-06,1.3e-05
aH17,-0.36844227,0.0,1.0220295820715109e-05,5e-06
aH18,-0.58566827,0.0,3.4662225674883694e-07,1e-06
aH19,-0.2821039,0.0,0.0,0.0
aH20,-0.205477,0.0,0.0,0.0
aH21,0.09649666,0.0,0.0,0.0
aH22,-0.03743075,0.0,0.0,0.0
aH23,-0.037868273,0.0,0.0,0.0
aH24,-0.060066387,0.0,0.0,0.0
aI-25,-0.0006304756,0.0,0.0,0.0
aI-24,-0.0088998005,0.0,0.0,0.0
aI-23,-0.029876398,0.0,0.0,0.0
aI-22,-0.023296606,0.0,0.0,0.0
aI-21,-0.23912503,0.0,0.0,0.0
aI-20,-0.15101776,0.0,0.0,0.0
aI-19,-0.56598586,0.0,0.0,0.0
aI-18,-0.37628415,0.0,0.0,0.0
aI-17,-0.5642401,2.721409327176901e-05,0.0,0.0
aI-16,-0.2142126,9.071364423923003e-06,1.2858820650743704e-08,1e-06
aI-15,-0.34757546,1.8142728847846006e-05,3.768373739032247e-07,1e-05
aI-14,0.27509302,0.0,5.527709085619505e-07,2.3e-05
aI-13,0.37696117,9.071364423923003e-06,8.456997758579242e-06,4e-05
aI-12,0.11836909,0.00027214093271769006,4.7189717935190415e-05,0.000173
aI-11,-0.30595666,0.0010432069087511452,0.00022712617920501155,0.001048
aI-10,0.48077703,0.0010976350952946832,0.0008344687492982837,0.003039
aI-9,-1.1223001,0.0020138429021109064,0.0016096364770379712,0.003635
aI-8,-1.3960967,0.0020319856309587523,0.000767399582057769,0.002091
aI-7,-1.1920345,0.003256619828188358,0.0010595539756672854,0.002248
aI-6,-0.21580511,0.0061322423505719495,0.0045486107537555855,0.008656
aI-5,-0.38721052,0.021852916897230512,0.022580741817052268,0.019467
aI-4,-0.0069598258,0.025209321734082024,0.025009877826513274,0.024281
aI-3,0.14761099,0.006486025563104947,0.006456089400528439,0.008612
aI-2,-0.98923856,0.013906401661873962,0.011140133447728684,0.004989
aI-1,0.5901128,0.0005805673231310722,0.0005304561176446097,0.001693
aI0,0.12778296,0.0,0.0,0.0
aI1,-2.9421668,0.0013153478414688353,0.0,0.0
aI2,1.1951734,0.0023313406569482114,0.00240724582315065,0.008327
aI3,-0.91189736,3.628545769569201e-05,0.0,0.0
aI4,-1.6704425,0.0013334905703166814,0.0002566043857385985,0.000215
aI5,-0.18868019,0.0030389070820142057,0.00312710134795024,0.000888
aI6,-0.8854101,0.00694866514872502,0.0068494662979693265,0.003425
aI7,-0.24696656,0.023213621560818964,0.020720672000958076,0.031702
aI8,-0.6215154,0.025281892649473406,0.02368582336584307,0.023415
aI9,0.13953395,0.00456289630523327,0.004535961147839462,0.004029
aI10,0.16706221,0.008681295753694314,0.006670620448200238,0.004345
aI11,0.057776816,0.0056061032139844156,0.004934676059685182,0.002546
aI12,-0.35809287,0.0013607046635884504,0.0014554698435079079,0.00071
aI13,0.1957166,0.00020864138175022905,0.0001274360483536332,0.000284
aI14,-0.03801291,9.071364423923003e-06,2.9606441076618766e-05,8.1e-05
aI15,-0.03231076,0.0,1.7485633902806327e-05,2.7e-05
aI16,-0.4488161,0.0,1.4998013912150702e-06,1.1e-05
aI17,-0.43998268,0.0,0.0,0.0
aI18,-0.74895096,1.8142728847846006e-05,1.0757063822839394e-06,1e-06
aI19,-0.18673085,0.0,0.0,0.0
aI20,-0.19226557,0.0,0.0,0.0
aI21,0.049338523,0.0,0.0,0.0
aI22,-0.07928958,0.0,0.0,0.0
aI23,-0.036013618,0.0,0.0,0.0
aI24,0.01180283,0.0,0.0,0.0
aK-25,-0.046265937,0.0,0.0,0.0
aK-24,-0.064878,0.0,0.0,0.0
aK-23,0.024263712,0.0,0.0,0.0
aK-22,0.04085631,0.0,0.0,0.0
aK-21,-0.23306331,0.0,0.0,0.0
aK-20,-0.24856043,0.0,0.0,0.0
aK-19,-0.5775832,0.0,4.312271476278223e-10,1e-06
aK-18,-0.32495183,0.0,3.035942980508271e-08,7e-06
aK-17,-0.502563,0.0,8.860455902312271e-08,1.7e-05
aK-16,-0.16696592,0.0,2.614145642052291e-06,5.1e-05
aK-15,0.25245366,0.0,3.828382104102771e-05,0.000195
aK-14,0.9549834,0.0,3.9245444201917e-05,0.000706
aK-13,0.6217265,0.00015421319520669103,0.00012378480278964977,0.001653
aK-12,0.30497077,0.0003991400346526121,0.00032414717493693907,0.001793
aK-11,0.21296415,9.978500866315302e-05,6.309232257015525e-05,0.001015
aK-10,0.28866458,0.00017235592405453703,2.4444627818589727e-05,0.000287
aK-9,-0.054291617,0.00025399820386984404,0.0003330052103020374,0.000252
aK-8,-0.755021,0.0006984950606420712,0.0005241718095649546,0.00076
aK-7,1.1670982,0.00027214093271769006,0.00033354739579045066,0.002356
aK-6,0.059091702,0.0022678411059807507,0.002917049881737412,0.005002
aK-5,0.36038125,0.005869172782278182,0.006055613473140171,0.011191
aK-4,-0.15662089,0.012073986048241517,0.014272799698355551,0.012821
aK-3,-0.29997113,0.01764380380453024,0.01994150726790967,0.018582
aK-2,-0.49555823,0.0013425619347406043,0.0014721341438312587,0.002581
aK-1,0.2735395,0.0,3.815672347485323e-06,2.7e-05
aK0,0.20161255,0.0,0.0,0.0
aK1,1.6244226,0.0006440668740985331,0.0006095760928880585,0.005721
aK2,0.08584697,9.071364423923003e-06,0.0,0.0
aK3,-1.5087187,0.00037192594138084307,0.0,0.0
aK4,-2.1138468,0.0010250641799032993,0.0005617550038804911,0.000236
aK5,0.94374025,0.0002902836615655361,0.0007104637099226427,0.000965
aK6,-0.04150925,0.0010250641799032993,0.002643241934004985,0.002171
aK7,0.03767641,0.005860101417854259,0.006550619358200911,0.008535
aK8,0.09880765,0.015784174097626023,0.01790128348590205,0.023728
aK9,0.22523601,0.006286455545778641,0.00657973181338463,0.006167
aK10,0.36822146,0.006232027359235103,0.006690965542922583,0.006362
aK11,0.3592552,0.0031659061839491276,0.003373642646761626,0.003686
aK12,0.6192675,0.0003809973058047661,0.0005804535139847381,0.001115
aK13,-0.3152283,0.00014514183078276804,0.00020440062156275963,0.000392
aK14,-0.04688968,9.071364423923003e-06,4.201443227233048e-05,0.000142
aK15,-0.016031811,9.071364423923003e-06,1.5599087206700128e-05,6e-05
aK16,-0.5924667,9.071364423923003e-06,3.6401136411464045e-06,1.4e-05
aK17,-0.37690845,0.0,1.5774107690694475e-06,2e-06
aK18,-0.67517024,0.0,3.688056902914311e-07,1e-06
aK19,-0.2784907,0.0,0.0,0.0
aK20,-0.2469841,0.0,0.0,0.0
aK21,0.06255394,0.0,0.0,0.0
aK22,-0.12332634,0.0,0.0,0.0
aK23,-0.00086054206,0.0,0.0,0.0
aK24,-0.0079534985,0.0,0.0,0.0
aL-25,0.04363721,0.0,0.0,0.0
aL-24,-0.050133362,0.0,0.0,0.0
aL-23,0.09006892,0.0,0.0,0.0
aL-22,-0.05177786,0.0,0.0,0.0
aL-21,-0.21762107,0.0,0.0,0.0
aL-20,-0.13100027,0.0,0.0,0.0
aL-19,-0.55891836,0.0,1.8229625074111475e-06,1.4e-05
aL-18,-0.38329637,0.0,2.5392727750469155e-06,5.7e-05
aL-17,-0.32591763,0.0,3.050050919568517e-06,0.00013
aL-16,-0.0049621835,0.0,8.099357148191021e-06,0.000329
aL-15,0.056593418,1.8142728847846006e-05,2.9226438398547727e-05,0.000895
aL-14,1.5864986,0.00025399820386984404,0.0003027301720117177,0.003536
aL-13,0.061140828,0.00383718715131943,0.004119377030299174,0.01309
aL-12,0.12352757,0.016419169607300634,0.017737099413552292,0.03272
aL-11,-0.2312188,0.03353683427524334,0.03499833693235829,0.053641
aL-10,-0.72681326,0.04549289258597386,0.04757350244384398,0.055098
aL-9,-1.1205131,0.021807560075110897,0.02326466727419705,0.037311
aL-8,-0.37917042,0.032384770993405115,0.03253726581387864,0.036939
aL-7,-0.35538754,0.07845823090251004,0.07745167981527085,0.066726
aL-6,0.395448,0.10621660603971443,0.10429662764500265,0.083127
aL-5,0.58507323,0.07022143200558796,0.07317947657577413,0.075188
aL-4,0.033324897,0.09946751090831572,0.09534214751386591,0.064512
aL-3,0.39157715,0.06610303255712692,0.05982806547106683,0.048584
aL-2,-0.48924506,0.03519689396482125,0.032379000718557496,0.020256
aL-1,0.4257725,0.0012246341972296053,0.001108223337353388,0.002675
aL0,0.22367579,0.0,0.0,0.0
aL1,1.7986286,0.05167956312308934,0.05558457646275103,0.091358
aL2,0.19074605,0.06896051235066267,0.07273465393223104,0.115929
aL3,-2.2944117,0.0007438518827616861,0.00022466003014573243,9.9e-05
aL4,-1.2916278,0.0003537832125329971,0.00021865671924354047,0.000206
aL5,-0.030038407,0.0002993550259894591,0.001132566972388867,0.000838
aL6,-0.9408132,0.0013697760280123733,0.002574495372414877,0.001335
aL7,-0.33753562,0.2621624318513748,0.25991568176884905,0.226526
aL8,-0.73737407,0.026960095067899162,0.028268400404937086,0.019897
aL9,-0.48857602,0.12868637571777172,0.11600721551485393,0.090702
aL10,-0.5259938,0.053339622812667256,0.05205864851310993,0.030274
aL11,-0.052765984,0.013198835236807968,0.012721589144168082,0.011317
aL12,0.08615183,0.0024220543011874416,0.002276510812746536,0.004168
aL13,0.536789,0.0003628545769569201,0.0003364282701500176,0.001543
aL14,0.28204787,8.164227981530702e-05,6.263357096761064e-05,0.000415
aL15,0.060511105,9.071364423923003e-06,2.171891453785432e-05,0.000148
aL16,-0.4385632,9.071364423923003e-06,1.4201477106973375e-05,4.9e-05
aL17,-0.2923141,0.0,1.0357612473209056e-05,2.2e-05
aL18,-0.62538505,0.0,3.433061646658152e-06,2e-06
aL19,-0.17423594,0.0,0.0,0.0
aL20,-0.2346404,0.0,0.0,0.0
aL21,0.016472807,0.0,0.0,0.0
aL22,-0.0584749,0.0,0.0,0.0
aL23,0.04202614,0.0,0.0,0.0
aL24,0.039110854,0.0,0.0,0.0
aM-25,0.064237975,0.0,0.0,0.0
aM-24,0.005696818,0.0,0.0,0.0
aM-23,-0.041787,0.0,0.0,0.0
aM-22,-0.00989753,0.0,0.0,0.0
aM-21,-0.30459368,0.0,0.0,0.0
aM-20,-0.20874713,0.0,0.0,0.0
aM-19,-0.58552796,0.0,0.0,0.0
aM-18,-0.3208914,0.0,0.0,0.0
aM-17,-0.39853472,0.0,0.0,0.0
aM-16,-0.09481142,0.0,4.0586283408219864e-07,1.1e-05
aM-15,-0.22279392,0.0,1.7938410023827543e-07,1.8e-05
aM-14,0.28533766,0.0,6.351670674867761e-06,6.4e-05
aM-13,0.58218944,1.8142728847846006e-05,2.9298106201458773e-05,0.000191
aM-12,1.1968428,7.257091539138402e-05,0.00011338251643419584,0.000708
aM-11,-0.5689328,0.0008980650779683772,0.0007939895133176398,0.002381
aM-10,0.5930511,0.0013607046635884504,0.0017412756781386366,0.005355
aM-9,1.931895,0.0021589847328936746,0.0023906069600433378,0.009164
aM-8,-0.5669171,0.007892087048813012,0.007995347971759194,0.01019
aM-7,0.08194085,0.0014332755789798343,0.0012808256663030216,0.005758
aM-6,-0.76099914,0.0006168527808267641,0.0006900527562013008,0.002154
aM-5,0.19430134,0.0010432069087511452,0.0011756606132719814,0.00292
aM-4,-0.16206515,0.0028121229714161305,0.0028251113039011685,0.003447
aM-3,0.09219089,0.005297676823571034,0.005033021014999888,0.006981
aM-2,-0.6608532,0.0026125529540898247,0.002414008321653655,0.002878
aM-1,0.24486038,0.0,1.1571087286397922e-06,8e-06
aM0,0.21935767,0.0,0.0,0.0
aM1,-0.6746694,0.0019866288088391374,0.0019020969212898856,0.00552
aM2,-0.16615269,6.349955096746101e-05,0.0,0.0
aM3,-0.77907974,0.0,0.0,0.0
aM4,1.2262801,0.011856273302067365,0.012494426033487773,0.030222
aM5,0.69326025,3.628545769569201e-05,0.00022980699132234226,0.000315
aM6,-0.12710689,0.0003174977548373051,0.00037853581688666253,0.000576
aM7,0.19449168,0.0019412719867195226,0.0018781632786244115,0.005854
aM8,-0.21838567,0.002939122073351053,0.0029198742898631,0.004372
aM9,-0.32229704,0.0021771274617415205,0.002186464091305454,0.001708
aM10,-0.00082267204,0.00256719613197021,0.002350040594288216,0.002023
aM11,-0.37887928,0.0019049865290238304,0.0017657430637682352,0.001119
aM12,-0.080053896,0.0003265691192612281,0.00029390769758225985,0.000353
aM13,-0.40807912,8.164227981530702e-05,7.389069945502373e-05,0.000115
aM14,-0.29710117,1.8142728847846006e-05,1.0526154587560979e-05,3.1e-05
aM15,-0.09549721,0.0,1.5687910739770964e-06,1.6e-05
aM16,-0.44722065,0.0,5.7791911205052726e-06,3e-06
aM17,-0.41237605,0.0,1.0213622898685399e-07,1e-06
aM18,-0.6225394,0.0,0.0,0.0
aM19,-0.23216113,0.0,0.0,0.0
aM20,-0.22278528,0.0,0.0,0.0
aM21,0.08726412,0.0,0.0,0.0
aM22,-0.021136746,0.0,0.0,0.0
aM23,0.05401022,0.0,0.0,0.0
aM24,0.010629132,0.0,0.0,0.0
aN-25,-0.019283336,0.0,0.0,0.0
aN-24,0.05721698,0.0,0.0,0.0
aN-23,0.021099078,0.0,0.0,0.0
aN-22,-0.028602693,0.0,0.0,0.0
aN-21,-0.18734847,0.0,0.0,0.0
aN-20,-0.14576992,0.0,0.0,0.0
aN-19,-0.5802614,0.0,0.0,0.0
aN-18,-0.39711785,0.0,0.0,0.0
aN-17,-0.42261282,0.0,0.0,0.0
aN-16,-0.15036152,0.0,0.0,0.0
aN-15,-0.4448911,1.8142728847846006e-05,1.538792851861698e-07,3e-06
aN-14,0.16958074,2.721409327176901e-05,1.850216430871471e-05,2.6e-05
aN-13,0.017993324,0.00022678411059807505,3.2592090908750683e-05,5.4e-05
aN-12,-0.31438974,0.0013334905703166814,8.220191690766723e-05,0.000179
aN-11,-1.3840715,0.004118399448461043,0.0002606143106678187,0.000601
aN-10,-0.22179748,0.0007710659760334552,0.0002670372259914783,0.00188
aN-9,-0.597836,0.0021861988261654437,0.00660211363968084,0.005279
aN-8,-0.84291023,0.0060778141640284115,0.005342667368694845,0.013459
aN-7,-0.3070964,0.026715168228453243,0.02431380799919162,0.036934
aN-6,-0.18438232,0.07263441494235148,0.06781380285327206,0.071829
aN-5,-0.41631317,0.1007193591988171,0.09028491553206937,0.081773
aN-4,-0.04598179,0.0810435697633281,0.07803790765039184,0.089047
aN-3,0.17839289,0.009289077170097155,0.01271987227827636,0.013648
aN-2,0.28553483,0.0004082113990765351,0.0004645728509587316,0.001298
aN-1,0.47815445,0.0,2.335370794643425e-05,8e-05
aN0,0.10275505,0.0,0.0,0.0
aN1,-3.5192213,0.005860101417854259,0.008309909848167304,2.1e-05
aN2,0.08115443,1.8142728847846006e-05,0.0,0.0
aN3,-2.1119585,0.0004444968567722271,0.0,0.0
aN4,-0.92257965,0.00022678411059807505,0.00016954109157117086,0.000187
aN5,-1.2400254,0.005950815062093489,0.0022004111414304535,0.006624
aN6,-0.77229035,0.02426589983399403,0.02143239711903354,0.040786
aN7,0.34258237,0.10452026089244083,0.0957751626110583,0.090582
aN8,0.568164,0.11334669847691792,0.10498091331651709,0.105877
aN9,-0.023753535,0.02172591779529559,0.023638759253299002,0.045148
aN10,-0.10329636,0.01598374411495233,0.015811691622817193,0.013403
aN11,-0.46920064,0.01196512967515444,0.012775218982268096,0.009009
aN12,0.19830352,0.0010341355443272222,0.0009444588328773736,0.002972
aN13,0.010175264,0.00014514183078276804,0.00012856631413511594,0.000994
aN14,-0.27118537,6.349955096746101e-05,4.932098933461389e-05,0.000324
aN15,-0.03444121,9.071364423923003e-06,2.092296449496776e-05,0.000108
aN16,-0.41505268,0.0,1.5566725339043002e-05,4.1e-05
aN17,-0.29337817,9.071364423923003e-06,1.274649279084445e-05,9e-06
aN18,-0.6482225,0.0,2.057714107724519e-06,4e-06
aN19,-0.2809074,0.0,1.6238812360728502e-07,1e-06
aN20,-0.25418538,0.0,0.0,0.0
aN21,0.020383945,0.0,0.0,0.0
aN22,-0.095387,0.0,0.0,0.0
aN23,0.029408477,0.0,0.0,0.0
aN24,0.058184333,0.0,0.0,0.0
aP-25,0.055682614,0.0,0.0,0.0
aP-24,0.04541778,0.0,0.0,0.0
aP-23,-0.0010673983,0.0,0.0,0.0
aP-22,0.007874139,0.0,0.0,0.0
aP-21,-0.24990875,0.0,0.0,0.0
aP-20,-0.2048961,0.0,0.0,0.0
aP-19,-0.64612806,0.0,0.0,0.0
aP-18,-0.35876906,0.0,0.0,0.0
aP-17,-0.4204312,0.0,0.0,0.0
aP-16,-0.13790461,0.0,0.0,0.0
aP-15,-0.24279356,0.0,0.0,0.0
aP-14,0.24725193,0.0,0.0,0.0
aP-13,0.278903,1.8142728847846006e-05,3.4499181423261064e-07,9e-06
aP-12,-0.26264462,0.00013607046635884503,1.8500170673189306e-07,2.4e-05
aP-11,-0.9661689,0.0004172827635004581,9.7622614672578e-06,5.2e-05
aP-10,-0.71348673,0.0003628545769569201,6.527452779170815e-05,0.000224
aP-9,0.07930155,0.00027214093271769006,0.00013423836560214744,0.000905
aP-8,-0.22400114,0.0009071364423923002,0.0014477006744897118,0.002862
aP-7,-0.055384133,0.0012790623837731433,0.001929719545044573,0.005005
aP-6,-0.26368958,0.004227255821548119,0.009367753024865083,0.007868
aP-5,-0.84486777,0.05538975117247385,0.0664769818339683,0.025538
aP-4,-0.13312945,0.07738780990048713,0.08105299548656072,0.059376
aP-3,0.78068346,0.028175657900704844,0.028046456894035225,0.049246
aP-2,-0.039931398,0.004317969465787349,0.00448855816479667,0.007412
aP-1,0.5039694,1.8142728847846006e-05,4.133190352301349e-05,0.000237
aP0,0.16620333,0.0,0.0,0.0
aP1,-0.49805152,3.628545769569201e-05,0.0,0.0
aP2,-2.7080266,0.0009252791712401462,0.0,0.0
aP3,-1.9563141,0.0002902836615655361,0.0,0.0
aP4,0.4329672,0.0015965601386104483,0.0015771714260185178,0.004928
aP5,0.2879258,0.0005624245942832261,0.000987979278083622,0.00108
aP6,-0.08445383,0.0013516332991645274,0.004162698948267603,0.001757
aP7,-0.34164575,0.01260012518482905,0.019395602390700668,0.013815
aP8,-0.2394143,0.030144143980696137,0.03685593904611492,0.022654
aP9,-0.45235363,0.06441575877427724,0.06687848051287042,0.037044
aP10,0.04237058,0.0567504558360623,0.05857793448402332,0.057503
aP11,1.3256978,0.0030026216243185136,0.0031951915124138293,0.012964
aP12,0.64682114,0.0008799223491205312,0.001025231934781551,0.004235
aP13,0.7436264,0.00023585547502199807,0.0002507734339037039,0.001918
aP14,0.13360184,9.978500866315302e-05,9.499076051603749e-05,0.000587
aP15,0.09665715,1.8142728847846006e-05,3.613514835642253e-05,0.000196
aP16,-0.4144819,0.0,1.8279940440220553e-05,6.1e-05
aP17,-0.3753158,0.0,2.4227540618519356e-06,9e-06
aP18,-0.57267696,0.0,3.095294717887532e-06,7e-06
aP19,-0.27822623,0.0,0.0,0.0
aP20,-0.21999224,0.0,0.0,0.0
aP21,-0.020924957,0.0,0.0,0.0
aP22,-0.0768022,0.0,0.0,0.0
aP23,0.0633922,0.0,0.0,0.0
aP24,-0.036152344,0.0,0.0,0.0
aQ-25,0.024398774,0.0,0.0,0.0
aQ-24,0.016267806,0.0,0.0,0.0
aQ-23,0.017075049,0.0,0.0,0.0
aQ-22,0.04457567,0.0,0.0,0.0
aQ-21,-0.22273703,0.0,0.0,0.0
aQ-20,-0.16139638,0.0,9.513595231081676e-09,3e-06
aQ-19,-0.6273309,1.8142728847846006e-05,2.432974004758689e-05,4.2e-05
aQ-18,-0.24322142,0.0,3.647256722522602e-06,0.000132
aQ-17,-0.29298455,2.721409327176901e-05,5.0927522215461055e-05,0.000237
aQ-16,0.1657866,9.071364423923002e-05,9.429123707497044e-05,0.00057
aQ-15,-0.68790036,0.0014695610366755264,0.001621997063551171,0.002462
aQ-14,-0.0160989,0.01922222121429284,0.01963053700945352,0.010991
aQ-13,0.6851357,0.05046400029028366,0.05045623255065456,0.028474
aQ-12,1.1342169,0.06398033328192894,0.0652708624935442,0.043611
aQ-11,0.46894145,0.05037328664604443,0.05253299470063846,0.047857
aQ-10,-0.7632628,0.040830211272077435,0.04789995958114086,0.041222
aQ-9,-0.07644686,0.008137013888258934,0.009781763890240342,0.025989
aQ-8,-0.045502216,0.0013244192058927584,0.00164454847128764,0.010159
aQ-7,0.16681822,0.0006894236962181481,0.0011063735839364974,0.004676
aQ-6,0.1950683,0.0027939802425682846,0.003958761770121481,0.006318
aQ-5,0.31187415,0.008926222593140234,0.008978453099153448,0.01549
aQ-4,-0.3007025,0.015838602284169563,0.017658006629815644,0.017073
aQ-3,0.14794885,0.012636410642524742,0.012464087329061908,0.015269
aQ-2,-0.4023665,0.0011611346462621444,0.0013745116639284137,0.002012
aQ-1,0.32956737,0.0,6.624118540160511e-06,2.7e-05
aQ0,0.20226811,0.0,0.0,0.0
aQ1,0.30924317,0.2374429637961846,0.25259670586298005,0.216199
aQ2,-0.14459905,7.257091539138402e-05,0.0,0.0
aQ3,-1.0777125,0.00012699910193492202,0.0,0.0
aQ4,-1.260412,0.00018142728847846004,1.9367726345026422e-05,2.2e-05
aQ5,0.013229385,5.442818654353802e-05,0.00012139784351176731,0.000123
aQ6,-0.7793896,0.00021771274617415207,0.00017855745167747621,0.000202
aQ7,-0.42754033,0.0015784174097626025,0.003018643491160246,0.001309
aQ8,-0.023531737,0.018333227500748388,0.01837026739133689,0.030215
aQ9,0.26940736,0.008817366220053158,0.008714836411216982,0.012775
aQ10,-0.0010449527,0.00955214673839092,0.009384614098135492,0.009387
aQ11,0.20118277,0.0010976350952946832,0.0013107224356479366,0.001576
aQ12,-0.63869613,0.0004444968567722271,0.0007692163694274369,0.000482
aQ13,0.13907494,3.628545769569201e-05,7.68160067102791e-05,0.000234
aQ14,-0.23952894,1.8142728847846006e-05,1.2387179551016179e-05,6.1e-05
aQ15,-0.083874494,0.0,5.579243660965358e-06,2.4e-05
aQ16,-0.4752852,0.0,2.855448216703343e-08,1e-06
aQ17,-0.45911244,9.071364423923003e-06,3.7707032281559515e-06,2e-06
aQ18,-0.6094822,0.0,1.5189771326504364e-07,1e-06
aQ19,-0.26604432,0.0,2.152183122066899e-06,1e-06
aQ20,-0.20830902,0.0,0.0,0.0
aQ21,0.010579275,0.0,0.0,0.0
aQ22,-0.07226711,0.0,0.0,0.0
aQ23,-0.04595063,0.0,0.0,0.0
aQ24,-0.06609572,0.0,0.0,0.0
aR-25,-0.049566485,0.0,0.0,0.0
aR-24,-0.0017718971,0.0,0.0,0.0
aR-23,0.01631646,0.0,0.0,0.0
aR-22,-0.0023346168,0.0,0.0,0.0
aR-21,-0.31358913,0.0,0.0,0.0
aR-20,-0.16161324,0.0,0.0,0.0
aR-19,-0.5830422,0.0,0.0,0.0
aR-18,-0.3909463,0.0,0.0,0.0
aR-17,-0.51627666,0.0,0.0,0.0
aR-16,-0.2183557,0.0,0.0,0.0
aR-15,-0.240643,0.0,0.0,0.0
aR-14,0.20683777,0.0,0.0,0.0
aR-13,0.018497296,5.442818654353802e-05,0.0,0.0
aR-12,-0.37627712,0.00027214093271769006,1.730566862594021e-06,1.3e-05
aR-11,-0.7045994,0.00024492683944592105,4.926681190196227e-06,5.2e-05
aR-10,-0.45687285,0.0004807823144679191,4.620280603339187e-05,0.000121
aR-9,-1.1839799,0.0021045565463501366,0.0009853609991223868,0.000409
aR-8,-1.2590544,0.003338262108003665,0.0031100844351838685,0.001057
aR-7,-1.8040272,0.006567667842920254,0.019592328556672478,0.003358
aR-6,-0.049602233,0.009180220797010079,0.012518912423933952,0.010972
aR-5,0.09700983,0.031024066329816666,0.035211097315888354,0.035138
aR-4,-0.1706487,0.05786623366020483,0.06341266625998308,0.056429
aR-3,0.0052334657,0.07871222910637989,0.07755689515797037,0.103608
aR-2,-0.22355975,0.004218184457124196,0.005123669896744784,0.007933
aR-1,0.37816072,2.721409327176901e-05,3.900330639220281e-05,0.000185
aR0,0.2300923,0.0,0.0,0.0
aR1,-1.8082093,0.0005261391365875342,0.0,0.0
aR2,0.09500192,1.8142728847846006e-05,0.0,0.0
aR3,-2.5149124,0.0007166377894899171,0.007970718314234175,1e-05
aR4,-2.071348,0.003918829431134737,0.003964716125347116,0.000641
aR5,-0.23000038,0.005279534094723187,0.007010883853788519,0.002981
aR6,-0.4934095,0.014341827154222267,0.022369118213935522,0.008514
aR7,-0.13802744,0.018795867086368462,0.021991807696050178,0.019885
aR8,-0.12083223,0.05165234902981757,0.05393554314713213,0.070041
aR9,8.187807e-05,0.04335205058192803,0.04296665069872231,0.042643
aR10,0.15577033,0.04196413182506781,0.043175294346599204,0.047767
aR11,0.2938358,0.011565989640501827,0.011921153050875367,0.017968
aR12,0.8647325,0.0013425619347406043,0.001481727190477616,0.005547
aR13,-0.10358194,0.0005352105010114571,0.0006230055175953024,0.002308
aR14,0.095504194,7.257091539138402e-05,0.00011188901195888317,0.000632
aR15,0.23118517,0.0,4.627453094212197e-05,0.000221
aR16,-0.37936378,0.0,1.308804269459821e-05,7.9e-05
aR17,-0.36961925,0.0,5.890473801151317e-06,2.8e-05
aR18,-0.6923548,9.071364423923003e-06,2.1131154037371537e-05,6e-06
aR19,-0.25380343,0.0,1.6915878581541744e-06,3e-06
aR20,-0.23384993,0.0,7.48935500192135e-08,1e-06
aR21,-0.026483359,0.0,0.0,0.0
aR22,-0.04937151,0.0,0.0,0.0
aR23,-0.013149828,0.0,0.0,0.0
aR24,0.040445372,0.0,0.0,0.0
aS-25,0.006055534,0.0,0.0,0.0
aS-24,-0.009108305,0.0,0.0,0.0
aS-23,0.054899916,0.0,0.0,0.0
aS-22,-0.06629685,0.0,0.0,0.0
aS-21,-0.37507257,9.071364423923003e-06,1.5080272703027798e-07,2e-06
aS-20,-0.2638512,1.8142728847846006e-05,1.0260590828755024e-05,7e-06
aS-19,-0.75645655,5.442818654353802e-05,3.0082370109534404e-05,2.6e-05
aS-18,-0.48301896,6.349955096746101e-05,4.67379469479668e-05,0.000151
aS-17,-0.008568723,9.978500866315302e-05,0.00017513144973769845,0.000556
aS-16,0.04960417,0.0003174977548373051,0.0003484010487617982,0.001247
aS-15,-0.27791533,0.0011520632818382212,0.0012396470530722074,0.002945
aS-14,1.1135782,0.00924372034797754,0.009945564357676963,0.013274
aS-13,-0.14374787,0.06943222330070666,0.07094001916153322,0.053002
aS-12,0.08052531,0.19353755998439726,0.18751627981826482,0.130506
aS-11,0.036982995,0.30452570371109516,0.28246407212520863,0.202112
aS-10,0.06261794,0.2922067908234077,0.2693306936325327,0.225753
aS-9,0.14861384,0.25348113609768047,0.26543583131862786,0.249578
aS-8,0.29207647,0.36319928880502916,0.3750273950045284,0.33925
aS-7,0.25267062,0.5091031141994067,0.4970058607345753,0.424033
aS-6,0.3843558,0.4731986538095195,0.45388915502129473,0.403433
aS-5,0.092085026,0.2936582091312354,0.2811534906175852,0.280807
aS-4,0.05187928,0.11907980079283725,0.12043990127319405,0.157858
aS-3,0.86303633,0.02181663143953482,0.021634966242767645,0.04871
aS-2,-0.4264807,0.00519789181490788,0.0059044655354376085,0.006152
aS-1,-0.32126454,0.00019957001732630604,0.00013510377002639857,0.000274
aS0,0.14638704,0.0,0.0,0.0
aS1,0.40672132,0.3065214038843582,0.28522400655683716,0.236647
aS2,-0.4026819,0.6323648139916724,0.6188344024371075,0.49005
aS3,-1.1973127,0.029445648920054066,0.03237012400730534,0.045503
aS4,-2.5568788,0.0019322006222955994,0.0010641590620111376,0.000297
aS5,1.0855278,0.4978909077714379,0.4967725166727794,0.433511
aS6,0.24863766,0.8406796266226403,0.825962455370843,0.779508
aS7,0.31324378,0.3175975398459682,0.3011682173037627,0.293622
aS8,0.021235626,0.20381541587670202,0.2009798392227603,0.188605
aS9,-0.41856626,0.035577891270626015,0.03591023364346075,0.031169
aS10,-0.31167623,0.037519163257345535,0.037787944607450545,0.024344
aS11,0.42476714,0.0047806090514074225,0.005099026204893675,0.009473
aS12,0.2944493,0.0011520632818382212,0.0012521140665582593,0.005137
aS13,0.19896822,0.00019049865290238306,0.00019517447751958255,0.001236
aS14,-0.0056708027,3.628545769569201e-05,3.86837787765085e-05,0.000375
aS15,-0.45827383,7.257091539138402e-05,3.1779370028924746e-05,0.000144
aS16,-0.5131372,1.8142728847846006e-05,1.8756216676516035e-05,3.9e-05
aS17,-0.3812013,0.0,1.0448358188149204e-05,1.4e-05
aS18,-0.65670323,0.0,2.2779152524166925e-07,2e-06
aS19,-0.2092113,0.0,0.0,0.0
aS20,-0.19081476,0.0,0.0,0.0
aS21,-0.022295492,0.0,0.0,0.0
aS22,-0.039881513,0.0,0.0,0.0
aS23,0.05537373,0.0,0.0,0.0
aS24,-0.014552284,0.0,0.0,0.0
aT-25,-0.026422322,0.0,0.0,0.0
aT-24,-0.059957534,0.0,0.0,0.0
aT-23,-0.04231786,0.0,0.0,0.0
aT-22,0.020307153,0.0,0.0,0.0
aT-21,-0.29504466,0.0,0.0,0.0
aT-20,-0.18700916,0.0,2.9788969441099646e-08,2e-06
aT-19,-0.5372323,0.0,4.016155887901595e-07,6e-06
aT-18,-0.31260726,9.071364423923003e-06,2.3189779411203592e-06,3e-05
aT-17,-0.49227172,0.0,6.407221502467585e-07,7.4e-05
aT-16,-0.061627105,2.721409327176901e-05,5.126126232740118e-05,0.000136
aT-15,-0.1031961,4.535682211961501e-05,7.27005045427944e-05,0.000405
aT-14,0.27736735,0.0005170677721636111,0.0005700424196277535,0.001983
aT-13,0.23722753,0.004871322695646652,0.004351500105725256,0.007328
aT-12,-0.26676777,0.01335304843201466,0.011969507151892576,0.015373
aT-11,-0.60095805,0.034634469370538025,0.030051980804784394,0.027509
aT-10,0.86204565,0.050173716628718126,0.050638491665481546,0.050886
aT-9,0.44765672,0.08459954461750592,0.07926162603573327,0.078993
aT-8,-0.51834285,0.10532761232616998,0.08541476111705751,0.079348
aT-7,-0.7227319,0.052015203606774495,0.04919913118165283,0.065841
aT-6,-0.37751338,0.09253698848843854,0.09185057559449405,0.082082
aT-5,0.16372731,0.13170714007093806,0.12549938810338246,0.113118
aT-4,0.302201,0.12084871685550223,0.10294780727689164,0.097879
aT-3,0.8400017,0.016482669158268095,0.0160916740892658,0.03997
aT-2,-0.50492203,0.0019684860799912916,0.002133089210129415,0.005041
aT-1,0.32139608,9.071364423923003e-06,1.627437493816125e-05,0.000136
aT0,0.16733868,0.0,0.0,0.0
aT1,-4.6590395,0.006395311918865717,0.0,0.0
aT2,0.9648867,0.07409490461460308,0.075356602869739,0.121872
aT3,-0.635178,0.0011702060106860673,0.0012646541754926983,0.001147
aT4,0.7136193,0.22800874479530467,0.2061057926213127,0.174096
aT5,-0.6020332,0.035596033999473864,0.032105731338088785,0.07316
aT6,-1.7653583,0.01843301250941154,0.017195046958855098,0.003082
aT7,-0.8381233,0.049166795177662675,0.04947512088232872,0.033105
aT8,0.10643789,0.28586590709108556,0.25722337407654133,0.235149
aT9,-0.0900925,0.0055788891207126465,0.006446843703452818,0.014784
aT10,0.19509001,0.003184048912796974,0.0033796820850891833,0.005196
aT11,0.59795463,0.0012609196549252973,0.001287635384465685,0.003117
aT12,0.45952797,0.00019049865290238306,0.00021346697895576193,0.000933
aT13,-0.08561452,9.978500866315302e-05,8.214750648327388e-05,0.000332
aT14,-0.20079945,5.442818654353802e-05,3.142314392967446e-05,0.000106
aT15,-0.089940876,0.0,5.266315193720774e-06,4.6e-05
aT16,-0.53538144,9.071364423923003e-06,1.413580027553914e-06,1e-05
aT17,-0.48807687,1.8142728847846006e-05,2.3410035127644097e-06,4e-06
aT18,-0.5904605,0.0,0.0,0.0
aT19,-0.18793698,0.0,3.688056902914311e-07,1e-06
aT20,-0.22633749,0.0,0.0,0.0
aT21,0.04055022,0.0,0.0,0.0
aT22,-0.017078236,0.0,0.0,0.0
aT23,-0.010285787,0.0,0.0,0.0
aT24,-0.018773295,0.0,0.0,0.0
aV-25,0.036603205,0.0,0.0,0.0
aV-24,0.051237687,0.0,0.0,0.0
aV-23,-0.027634477,0.0,0.0,0.0
aV-22,0.008959249,0.0,0.0,0.0
aV-21,-0.23438929,0.0,0.0,0.0
aV-20,-0.16878745,0.0,0.0,0.0
aV-19,-0.5468985,0.0,7.144668739511809e-08,6e-06
aV-18,-0.33414936,0.0,1.4017449036610761e-05,3.1e-05
aV-17,-0.4684464,0.0,1.2475223018598757e-06,0.000106
aV-16,0.08124649,0.0,1.5481884365792897e-05,0.00017
aV-15,-0.12394276,2.721409327176901e-05,2.049328432278646e-05,0.000385
aV-14,1.0073662,0.0005352105010114571,0.0005714874435469233,0.001926
aV-13,-0.7867875,0.007257091539138402,0.00760531826109086,0.009549
aV-12,-0.96754724,0.017362591507388628,0.01830448265731544,0.021808
aV-11,-0.93751657,0.027123379627529778,0.027721681536814844,0.024384
aV-10,-0.095825054,0.008046300244019703,0.00815834088068203,0.013126
aV-9,0.52612805,0.006222955994811179,0.007329036763385004,0.004327
aV-8,-0.3121034,0.003320119379155819,0.002988153332965322,0.001953
aV-7,-0.23618822,0.0013334905703166814,0.0010248383157919851,0.002322
aV-6,-0.27431068,0.0023041265636764424,0.0033995915309391394,0.006035
aV-5,-0.19379197,0.012572911091557282,0.013599624534995995,0.016391
aV-4,-0.022615544,0.026125529540898248,0.02792238175612458,0.026958
aV-3,-0.12438034,0.22086958099367726,0.218222262557915,0.148519
aV-2,0.05237517,0.9084699329626169,0.9104580804035898,0.914271
aV-1,1.3872806,0.00037192594138084307,0.00036089741007037745,0.003035
aV0,0.16670993,0.0,0.0,0.0
aV1,1.2591442,0.012527554269437666,0.013744326623677966,0.031506
aV2,-0.51899326,0.055607463918648,0.05975101234272198,0.047976
aV3,-1.4981703,0.0004263541279243811,2.978443534614028e-05,3.2e-05
aV4,-2.3196292,0.0026306956829376706,0.0010599966417027193,0.000832
aV5,-0.72993815,0.004345183559059118,0.0038079921744597718,0.004814
aV6,0.33445987,0.0024039115723395958,0.004421456835558866,0.012581
aV7,-0.16578764,0.012409626531926668,0.015969092437556606,0.027632
aV8,-0.115430824,0.050164645264294205,0.06174246450251121,0.076966
aV9,-0.009079974,0.1883940963560329,0.19733821228883017,0.17275
aV10,0.19151321,0.3249634877581937,0.30007150021332174,0.264351
aV11,0.12741311,0.331757939711712,0.32674938810338244,0.289278
aV12,0.029540226,0.18943730326478406,0.19208598738033397,0.166203
aV13,-0.14308043,0.05901829694204305,0.06213895760510774,0.068151
aV14,0.266876,0.006259241452506872,0.006850575009730466,0.022225
aV15,-0.24196562,0.0011611346462621444,0.0012044863881071248,0.006755
aV16,0.11246427,0.0002993550259894591,0.00039130486076545087,0.002131
aV17,0.20400783,4.535682211961501e-05,5.8453694552424286e-05,0.000769
aV18,-0.1250737,6.349955096746101e-05,0.00010973874487981003,0.000256
aV19,0.013588196,1.8142728847846006e-05,5.296282842808297e-05,6.7e-05
aV20,-0.23955362,9.071364423923003e-06,2.8352833578680642e-05,2.1e-05
aV21,0.05393929,0.0,6.755388828533165e-06,6e-06
aV22,-0.05919654,0.0,0.0,0.0
aV23,0.04673533,0.0,0.0,0.0
aV24,0.035076827,0.0,0.0,0.0
aW-25,-0.046192147,0.0,0.0,0.0
aW-24,0.06461211,0.0,0.0,0.0
aW-23,-0.04054431,0.0,0.0,0.0
aW-22,0.030830555,0.0,0.0,0.0
aW-21,-0.21605507,0.0,0.0,0.0
aW-20,-0.20082307,0.0,0.0,0.0
aW-19,-0.5460455,0.0,9.584699560168789e-08,3e-06
aW-18,-0.3586435,0.0,4.4626584350239646e-07,1.3e-05
aW-17,-0.2985792,9.071364423923003e-06,2.4532132207240447e-05,0.000111
aW-16,0.03955715,0.0,9.832135005334213e-06,0.000327
aW-15,-0.14838858,4.535682211961501e-05,7.603273415922223e-05,0.000604
aW-14,0.7942915,0.00013607046635884503,0.00021145308970951752,0.001266
aW-13,1.5132068,0.0014786324010994494,0.0016351527823519284,0.006258
aW-12,0.6082616,0.02627974273610494,0.027302310143636647,0.030361
aW-11,0.93668497,0.06328183822128686,0.0645302664276465,0.072253
aW-10,0.50987643,0.0992225840688698,0.0996222520789515,0.089084
aW-9,0.30077046,0.0484683001170206,0.04998253662023488,0.067569
aW-8,0.109390326,0.03676624001015993,0.03921443093614568,0.04496
aW-7,0.0672889,0.007647160209367091,0.009018807049535556,0.027038
aW-6,0.4322734,0.0014877037655233723,0.0019454853561163463,0.011839
aW-5,0.6395345,0.0021680560973175974,0.002672409941729478,0.008032
aW-4,-0.0078082606,0.006086885528452334,0.006062870389256068,0.007268
aW-3,-0.21289569,0.14454312073078912,0.14780874581777081,0.219881
aW-2,-0.22025546,0.0005442818654353801,0.0005324245415219571,0.00117
aW-1,0.2745767,0.0,2.482991849550504e-06,1.3e-05
aW0,0.114610516,0.0,0.0,0.0
aW1,-1.1660951,0.00014514183078276804,0.0,0.0
aW2,0.09129195,2.721409327176901e-05,0.0,0.0
aW3,0.29020727,0.2853125538612263,0.2941698789679718,0.355735
aW4,-0.9309152,0.0003265691192612281,0.00024805366191238274,0.000265
aW5,0.4117407,7.257091539138402e-05,0.00014680795027614875,0.001156
aW6,0.70259535,0.0003265691192612281,0.00038543127601028433,0.002916
aW7,0.057623446,0.003819044422471584,0.004550101608520894,0.007021
aW8,-0.17317222,0.01810644339015031,0.020503972649905316,0.020947
aW9,0.019255519,0.04308898101363426,0.04094629718340431,0.048287
aW10,0.34309682,0.03915200885365168,0.0397208104729755,0.060457
aW11,0.2277284,0.032375699628981194,0.033525715095695394,0.051321
aW12,0.42538413,0.013570761178188812,0.014335335485887082,0.026862
aW13,0.21347953,0.0015512033164908335,0.0016554214192352602,0.008906
aW14,0.46389735,0.0002630695682937671,0.00031909098003336426,0.002942
aW15,0.39424974,2.721409327176901e-05,8.312219773979517e-05,0.000817
aW16,-0.25902048,0.0,2.018458397038453e-05,0.000277
aW17,-0.14797273,0.0,3.1992644273456974e-05,0.000105
aW18,-0.48808414,0.0,1.922808205934789e-05,2.8e-05
aW19,-0.13843724,0.0,2.595321279859783e-06,7e-06
aW20,-0.19389829,0.0,1.6238812360728502e-07,1e-06
aW21,0.08904655,0.0,0.0,0.0
aW22,-0.008067384,0.0,0.0,0.0
aW23,-0.014906466,0.0,0.0,0.0
aW24,-0.033766683,0.0,0.0,0.0
aY-25,-0.034666937,0.0,0.0,0.0
aY-24,0.032975636,0.0,0.0,0.0
aY-23,0.020199204,0.0,0.0,0.0
aY-22,0.016144365,0.0,0.0,0.0
aY-21,-0.2910628,0.0,0.0,0.0
aY-20,-0.13373661,0.0,0.0,0.0
aY-19,-0.7455645,9.071364423923003e-06,1.5080272703027798e-07,2e-06
aY-18,-0.36626473,9.071364423923003e-06,1.0932931899953031e-05,9e-06
aY-17,-0.57591087,6.349955096746101e-05,5.100502166461376e-05,6.5e-05
aY-16,0.21797976,9.071364423923003e-06,6.0425005699983066e-05,0.000262
aY-15,-0.14334333,0.00018142728847846004,0.00021703014450443858,0.00072
aY-14,0.87145764,0.00024492683944592105,0.0002642642222398691,0.001472
aY-13,0.34767312,0.0024311256656113648,0.0027139840013360676,0.004565
aY-12,0.1742263,0.025300035378321255,0.026701870214294803,0.022572
aY-11,-0.49063975,0.10474704500303891,0.10625918780548049,0.073987
aY-10,-0.25744715,0.18417591189890872,0.18086436478768872,0.14419
aY-9,0.17466833,0.23487576766421436,0.21547091713385377,0.167036
aY-8,0.8663061,0.10639803332819289,0.11159789223134557,0.122601
aY-7,0.358725,0.04592831807832216,0.047662788826430935,0.069247
aY-6,0.52707905,0.026007601803387247,0.025840354394802433,0.038759
aY-5,0.1346,0.029772218039315294,0.02827796012005898,0.027823
aY-4,0.027438246,0.04312526647132995,0.04364768976280117,0.033906
aY-3,0.28595465,0.17282763500458104,0.1699093382534562,0.077211
aY-2,0.6639213,0.00024492683944592105,0.0003314407849679269,0.000671
aY-1,0.13797979,7.257091539138402e-05,3.063061566746553e-05,5.3e-05
aY0,0.22070605,0.0,0.0,0.0
aY1,1.1572996,0.007901158413236934,0.00828240081473941,0.009163
aY2,-0.011142733,3.628545769569201e-05,0.0,0.0
aY3,0.10192924,0.6398668323702568,0.6266540669605766,0.546441
aY4,0.6249617,0.04941172201710859,0.050714721446695754,0.077846
aY5,-1.6942922,0.0007982800693052242,0.0005334270455965898,0.000531
aY6,-0.63398695,0.0014060614857080652,0.0012205174625610962,0.0013
aY7,0.27915832,0.06939593784301097,0.06853571923114347,0.05304
aY8,-0.5326752,0.019875359452815298,0.023469435109018645,0.009274
aY9,-0.3335265,0.05685024084472545,0.052317750241390404,0.024089
aY10,-0.35000262,0.06466975697814709,0.06219378503903414,0.026746
aY11,-0.36222413,0.04742509320826946,0.04672324683198479,0.020249
aY12,-0.39415357,0.017244663769877627,0.01751135844791581,0.012981
aY13,-0.6603748,0.0014151328501319884,0.0015286709879136383,0.002481
aY14,-0.056997973,0.00010885637308707603,0.00012219420928501657,0.000664
aY15,0.3511781,9.071364423923003e-06,4.2018393131939976e-05,0.000224
aY16,-0.3022694,0.0,1.6166629963005515e-05,9e-05
aY17,-0.33652273,9.071364423923003e-06,1.6121845295471684e-05,2.5e-05
aY18,-0.6332684,0.0,1.4935727167664527e-06,5e-06
aY19,-0.1311697,0.0,1.763666623092033e-05,2e-06
aY20,-0.32209963,0.0,0.0,0.0
aY21,0.0902316,0.0,0.0,0.0
aY22,-0.07706627,0.0,0.0,0.0
aY23,0.044732496,0.0,0.0,0.0
aY24,0.06728741,0.0,0.0,0.0
v5-48;j7,0.06571594,0.0,3.68303608792093e-06,8e-06
v5-48;j1,-0.027029293,9.071364423923003e-06,3.2777600875117713e-06,2e-06
v5-48;j3,0.042614333,1.8142728847846006e-05,5.06256106028281e-05,0.000124
v5-48;j6,-0.039615136,0.0,0.0,0.0
v5-48;j4,0.047230355,0.0,0.0,0.0
v5-48;j2,-0.32544848,4.535682211961501e-05,0.0,0.0
v5-48;j5,-0.022660784,0.0,0.0,0.0
v3-1;j7,-0.878947,0.00019957001732630604,3.6920696003310465e-05,0.000117
v3-1;j1,-2.0228338,0.00776508794687809,0.00825625369570587,0.006127
v3-1;j3,-2.6525328,0.0021408420040458283,0.00222308549571111,0.000816
v3-1;j6,-0.010870014,0.0,3.877140694202202e-07,1e-06
v3-1;j4,-0.029955015,0.0,0.0,0.0
v3-1;j2,-2.7475612,0.014223899416711268,0.01576489533199602,0.005357
v3-1;j5,-0.055118434,0.0,0.0,0.0
v2-18;j7,-0.22178923,3.628545769569201e-05,1.8657154926676346e-06,6e-06
v2-18;j1,-1.3299377,0.0022587697415568275,0.002004770589058091,0.001615
v2-18;j3,-0.20946716,0.0012609196549252973,0.0012060481454573694,0.003028
v2-18;j6,0.023565637,0.0,2.5055172755669493e-07,2e-06
v2-18;j4,0.016636364,0.0,0.0,0.0
v2-18;j2,-0.80403394,0.0030933352685577438,0.002773343937826064,0.00367
v2-18;j5,0.0072638094,0.0,0.0,0.0
v3-10;j7,-0.11617045,1.8142728847846006e-05,0.0,0.0
v3-10;j1,1.1748149,0.0002630695682937671,0.0003531196157892718,0.000695
v3-10;j3,0.20478687,0.0003628545769569201,0.000442576310770971,0.000332
v3-10;j6,-0.0018144964,0.0,2.7499067320352438e-06,2e-06
v3-10;j4,0.025278114,0.0,0.0,0.0
v3-10;j2,-0.75895214,0.0004535682211961501,0.0004661309169888324,0.000117
v3-10;j5,-0.019475613,0.0,0.0,0.0
v3-12;j7,-0.21464048,2.721409327176901e-05,1.9961313352227143e-06,4e-06
v3-12;j1,1.4477378,0.0005896386875549951,0.000682607034542219,0.002716
v3-12;j3,1.5149386,0.0013244192058927584,0.0014395404448226436,0.005912
v3-12;j6,-0.023420488,0.0,3.828674485896321e-06,4e-06
v3-12;j4,0.0011815801,0.0,0.0,0.0
v3-12;j2,1.5363094,0.0007619946116095322,0.0008544431770018563,0.003595
v3-12;j5,0.023694657,0.0,0.0,0.0
v1-36;j7,0.08462808,0.00010885637308707603,8.103129330174363e-05,0.000113
v1-36;j1,-0.76930255,0.0016328455963061405,0.001527531722255073,0.000703
v1-36;j3,1.1964363,0.0023585547502199804,0.002365802458205777,0.00772
v1-36;j6,0.008743401,0.0,2.274790885982913e-06,2e-06
v1-36;j4,-0.047474664,0.0,0.0,0.0
v1-36;j2,0.2487563,0.0022406270127089817,0.0022751626402964797,0.002704
v1-36;j5,-0.045445006,0.0,0.0,0.0
v1-40;j7,-1.2942562,0.0016147028674582944,0.001598137978243052,0.000364
v1-40;j1,-0.83113784,0.03211263006068743,0.03167055963278718,0.008031
v1-40;j3,0.3364623,0.024510826673439953,0.02515398228680923,0.02087
v1-40;j6,-0.14665721,9.071364423923003e-06,0.0,0.0
v1-40;j4,0.0120553,0.0,0.0,0.0
v1-40;j2,-0.4411617,0.03717445140923646,0.03808828854200193,0.013692
v1-40;j5,-0.00029773265,0.0,0.0,0.0
v9-49;j7,0.089029625,8.164227981530702e-05,0.00010485814351712374,0.000171
v9-49;j1,0.87632024,0.0014695610366755264,0.0015619745899169916,0.004293
v9-49;j3,1.1034646,0.004844108602374883,0.00542774930109056,0.021887
v9-49;j6,0.052751176,0.0,0.0,0.0
v9-49;j4,0.017514855,0.0,0.0,0.0
v9-49;j2,0.5573402,0.004363326287906964,0.00468738801777307,0.009652
v9-49;j5,0.019086957,0.0,0.0,0.0
v1-41;j7,-0.17875274,1.8142728847846006e-05,3.141020203790256e-06,6e-06
v1-41;j1,1.5304315,0.00012699910193492202,0.0001789723414425229,0.001551
v1-41;j3,1.7212856,0.0004172827635004581,0.00046419768856988347,0.006631
v1-41;j6,0.041923758,0.0,8.976019342227911e-08,1e-06
v1-41;j4,0.015497036,0.0,0.0,0.0
v1-41;j2,1.9443504,0.00017235592405453703,0.000213727966254229,0.003592
v1-41;j5,-0.061183777,0.0,0.0,0.0
v3-13;j7,0.044247165,0.0,0.0,0.0
v3-13;j1,0.00363034,0.0,0.0,0.0
v3-13;j3,-0.034154747,2.721409327176901e-05,0.0,0.0
v3-13;j6,-0.06591571,0.0,0.0,0.0
v3-13;j4,0.008095905,0.0,0.0,0.0
v3-13;j2,-0.23135883,5.442818654353802e-05,0.0,0.0
v3-13;j5,-0.02723509,0.0,0.0,0.0
v5-39;j7,-0.10654912,9.071364423923003e-06,0.0,0.0
v5-39;j1,1.0428677,0.0,8.592081230913316e-05,0.000615
v5-39;j3,1.0922604,0.00013607046635884503,0.00019111457357752747,0.001367
v5-39;j6,0.010755017,0.0,2.375200547299063e-08,1e-06
v5-39;j4,-0.024728313,0.0,0.0,0.0
v5-39;j2,0.15850337,0.00021771274617415207,0.00022810379427946832,0.000824
v5-39;j5,0.0029735267,0.0,0.0,0.0
v3-21;j7,-1.1265637,0.0007438518827616861,0.0008445100903296008,0.000303
v3-21;j1,-0.63507926,0.01525803496103849,0.01603464677472474,0.007802
v3-21;j3,0.41205177,0.011620417827045365,0.012698482795787456,0.016977
v3-21;j6,0.01914474,0.0,2.252785015846435e-06,3e-06
v3-21;j4,-0.043395653,0.0,0.0,0.0
v3-21;j2,-0.670119,0.01891379482387946,0.02002354492107095,0.008945
v3-21;j5,0.036048427,0.0,0.0,0.0
v6-57;j7,0.094172046,0.0006984950606420712,0.0007935966983780062,0.000659
v6-57;j1,0.8007307,0.0037011166849605847,0.0036919262510198276,0.004435
v6-57;j3,1.5553594,0.014940537206201185,0.015397542168471792,0.033761
v6-57;j6,-0.04711087,0.0,1.46807525408855e-06,3e-06
v6-57;j4,0.035598695,0.0,0.0,0.0
v6-57;j2,0.5996852,0.010477425909631067,0.011290291380678288,0.009531
v6-57;j5,0.007430233,0.0,0.0,0.0
v5-45;j7,-0.2216227,1.8142728847846006e-05,3.082275447730819e-06,1e-05
v5-45;j1,-0.54120183,9.071364423923002e-05,4.232125041693644e-05,0.000114
v5-45;j3,-0.52676773,0.00014514183078276804,0.00012036594592995187,0.000343
v5-45;j6,0.019384837,0.0,1.0022224001801978e-06,6e-06
v5-45;j4,-0.007063389,0.0,0.0,0.0
v5-45;j2,-1.107402,0.00025399820386984404,0.00015411915803633581,0.000224
v5-45;j5,0.019928068,0.0,0.0,0.0
v2-33;j7,0.08159744,0.0,2.4374562404961297e-06,3e-06
v2-33;j1,-0.0102361925,1.8142728847846006e-05,0.0,0.0
v2-33;j3,-0.032054383,0.0,1.1170948418397326e-07,1e-06
v2-33;j6,0.024498701,0.0,0.0,0.0
v2-33;j4,0.036074243,0.0,0.0,0.0
v2-33;j2,-0.05888968,0.0,0.0,0.0
v2-33;j5,0.024736688,0.0,0.0,0.0
v4-69;j7,1.631221,0.0005442818654353801,0.0008672462102641448,0.00065
v4-69;j1,3.3537765,0.0025853388608180557,0.0032706263075313806,0.008923
v4-69;j3,3.3395543,0.011003565046218602,0.011868200369009214,0.030868
v4-69;j6,0.008967996,0.0,0.0,0.0
v4-69;j4,-0.062446777,0.0,0.0,0.0
v4-69;j2,3.1827483,0.008454511643096237,0.008945919776985202,0.020758
v4-69;j5,-0.06022147,0.0,0.0,0.0
v4-3;j7,-0.041215852,0.0,7.954405162160644e-07,2e-06
v4-3;j1,0.72214645,7.257091539138402e-05,0.00018204112592603162,0.000374
v4-3;j3,0.8588809,1.8142728847846006e-05,0.00014751159447311864,0.000318
v4-3;j6,-0.048444144,0.0,3.984099536376403e-07,2e-06
v4-3;j4,-0.014523204,0.0,0.0,0.0
v4-3;j2,2.3011103,0.0,0.0001698891172748052,0.000943
v4-3;j5,0.023762658,0.0,0.0,0.0
v2-14;j7,-1.5312276,0.0022224842838611354,0.002028284956231615,0.001644
v2-14;j1,-1.7151906,0.10102778558923048,0.08875705458791476,0.046437
v2-14;j3,-0.529975,0.04498489617823417,0.04028863930659202,0.065707
v2-14;j6,-0.026303124,0.0,4.606639336601352e-06,4e-06
v2-14;j4,0.014509767,0.0,0.0,0.0
v2-14;j2,-1.3395894,0.08249498807115578,0.06917529153973398,0.0516
v2-14;j5,-0.001949884,0.0,0.0,0.0
v3-27;j7,0.9455611,0.00010885637308707603,0.00028643204333706336,0.000204
v3-27;j1,1.3598219,0.0008254941625769932,0.0010262815854203936,0.000871
v3-27;j3,1.8043667,0.003102406632981667,0.003488989018607645,0.004231
v3-27;j6,-0.020701468,0.0,0.0,0.0
v3-27;j4,0.009781182,0.0,0.0,0.0
v3-27;j2,1.8148441,0.0020591997242305213,0.002216052690239968,0.002711
v3-27;j5,0.028053373,0.0,0.0,0.0
v1-44;j7,-1.5679063,0.0011248491885664522,0.0011297525783396081,0.000331
v1-44;j1,-0.9037939,0.018859366637335923,0.018412996066646207,0.007305
v1-44;j3,0.5418624,0.01997514446147845,0.01994362645114932,0.032877
v1-44;j6,0.56053936,0.0,6.763053114719856e-05,0.000104
v1-44;j4,0.0019067973,0.0,0.0,0.0
v1-44;j2,-0.30595896,0.021462848227001823,0.020758199788923733,0.01455
v1-44;j5,-0.007752303,0.0,0.0,0.0
v3-25;j7,-1.1303909,0.00019049865290238306,2.529834896332088e-06,2e-06
v3-25;j1,-1.0176126,0.0026125529540898247,0.0026787294818152556,0.000757
v3-25;j3,-0.6361338,0.0037464735070802,0.00465949947277715,0.001579
v3-25;j6,0.124276064,0.0,7.788455937522805e-06,5e-06
v3-25;j4,-0.0052434914,0.0,0.0,0.0
v3-25;j2,-1.3286886,0.0047261808648638845,0.006552897597136249,0.000917
v3-25;j5,-0.016109902,0.0,0.0,0.0
v3-19;j7,0.60669225,0.0,0.0032079943263897725,1.1e-05
v3-19;j1,0.062464423,0.0,0.0,0.0
v3-19;j3,0.15423802,0.0,0.002054996079744912,3e-06
v3-19;j6,0.08025239,0.0,0.0030330184420401043,5e-06
v3-19;j4,0.038499713,0.0,0.0,0.0
v3-19;j2,0.040653665,0.0,1.3901248973886095e-05,2e-06
v3-19;j5,-0.041248463,0.0,0.0,0.0
v7-43;j7,0.3260189,0.00023585547502199807,0.0003060079729298901,0.000429
v7-43;j1,0.36256415,0.004263541279243811,0.004427199798747764,0.005234
v7-43;j3,0.88551706,0.009769859484565073,0.009715999622944439,0.01839
v7-43;j6,0.055689346,0.0,2.53987409932154e-06,3e-06
v7-43;j4,-0.067436844,0.0,0.0,0.0
v7-43;j2,0.36450997,0.0074294474631929385,0.007550318321906273,0.008644
v7-43;j5,-0.055042237,0.0,0.0,0.0
v1-50;j7,0.023636803,0.0,2.782569011991721e-07,1e-06
v1-50;j1,0.96272016,4.535682211961501e-05,0.00012060180666803579,0.000774
v1-50;j3,1.4449593,0.0002630695682937671,0.0003179890661489248,0.003334
v1-50;j6,-0.05514646,0.0,7.365288684004458e-07,2e-06
v1-50;j4,0.044602446,0.0,0.0,0.0
v1-50;j2,1.3924953,0.00012699910193492202,0.00016997334150520955,0.00161
v1-50;j5,0.025487535,0.0,0.0,0.0
v3-2;j7,-0.041041605,0.0,0.0,0.0
v3-2;j1,-0.004331462,0.0,0.0,0.0
v3-2;j3,0.020045362,0.0,0.0,0.0
v3-2;j6,-0.017714426,0.0,0.0,0.0
v3-2;j4,0.0112775415,0.0,0.0,0.0
v3-2;j2,-5.438924e-05,0.0,0.0,0.0
v3-2;j5,-0.009711731,0.0,0.0,0.0
v2-23;j7,-0.39368558,0.0010069214510554532,0.0010622696908612211,0.000895
v2-23;j1,-0.51437455,0.030071573065304752,0.03211562787703685,0.01634
v2-23;j3,0.83451915,0.024519898037863874,0.025499303897425916,0.047593
v2-23;j6,0.7073189,0.0,6.507417773614391e-05,0.000114
v2-23;j4,-0.06539435,0.0,0.0,0.0
v2-23;j2,0.013451219,0.032475484637644346,0.03353724897268733,0.028639
v2-23;j5,-0.05990729,0.0,0.0,0.0
v2-8;j7,0.15278965,0.0004898536788918421,0.00046890448723016666,0.000961
v2-8;j1,-0.94443667,0.03006250170088083,0.02765370627839612,0.014553
v2-8;j3,0.24252889,0.014976822663896877,0.01414952217797771,0.02277
v2-8;j6,-0.04026708,0.0,0.0,0.0
v2-8;j4,-0.04886204,0.0,0.0,0.0
v2-8;j2,-0.6289468,0.04103885265382766,0.03662604976759156,0.024607
v2-8;j5,0.052079566,0.0,0.0,0.0
v3-16;j7,0.053741798,0.0,1.7184166573445606e-05,2e-06
v3-16;j1,0.13691506,0.00014514183078276804,0.0001797854186626597,0.000386
v3-16;j3,-1.0836319,0.00023585547502199807,0.000152270683789792,0.000101
v3-16;j6,0.06934253,0.0,5.626733788059082e-07,1e-06
v3-16;j4,-0.004509464,0.0,0.0,0.0
v3-16;j2,0.5815131,0.00015421319520669103,0.00019121155296367541,0.000647
v3-16;j5,0.006918438,0.0,0.0,0.0
v7-46;j7,-1.5498713,0.0007892087048813012,0.000898042930769605,0.000254
v7-46;j1,-0.3792586,0.005751245044767183,0.005856646493102596,0.004175
v7-46;j3,0.80444205,0.01096727958852291,0.01179134606028398,0.024865
v7-46;j6,0.07910828,0.0,5.146686497620187e-06,6e-06
v7-46;j4,-0.021933485,0.0,0.0,0.0
v7-46;j2,0.2833693,0.01057721091829422,0.01247222022103128,0.014218
v7-46;j5,-0.0023072734,0.0,0.0,0.0
v1-51;j7,-1.340635,0.0009978500866315303,0.00098041616513443,0.000442
v1-51;j1,-1.3089727,0.01187441603091521,0.012388294951010846,0.00421
v1-51;j3,-0.18937981,0.012799695202155357,0.012751513835974282,0.01468
v1-51;j6,0.039945133,0.0,8.605582816817747e-07,2e-06
v1-51;j4,-0.06506659,0.0,0.0,0.0
v1-51;j2,-0.595735,0.013734045737819426,0.013448481860165716,0.009892
v1-51;j5,0.038411744,0.0,0.0,0.0
v5-37;j7,0.037360143,0.0,3.403567347704756e-06,6e-06
v5-37;j1,1.0079739,0.00019957001732630604,0.00032406530803474523,0.000971
v5-37;j3,1.6935886,0.0003809973058047661,0.00047795618898576733,0.002458
v5-37;j6,0.015513893,0.0,7.006262258152379e-07,1e-06
v5-37;j4,-0.032850266,0.0,0.0,0.0
v5-37;j2,0.5460251,0.0006259241452506872,0.0007175072604246974,0.001253
v5-37;j5,0.03429179,0.0,0.0,0.0
v11-55;j7,-0.029007288,0.0,2.687333887395614e-06,2e-06
v11-55;j1,0.030777462,0.0,4.907349157272342e-06,2e-06
v11-55;j3,0.08266817,0.0,7.453169628426013e-05,1e-06
v11-55;j6,-0.033813633,0.0,7.984688092475156e-06,2e-06
v11-55;j4,-0.007233247,0.0,0.0,0.0
v11-55;j2,0.025719374,0.0,0.0,0.0
v11-55;j5,0.01845134,0.0,0.0,0.0
v3-22;j7,0.049126595,0.0,6.3489638590446666e-06,3e-06
v3-22;j1,0.99873954,0.00028121229714161305,0.0004363388568737322,0.000624
v3-22;j3,1.735423,0.00034471184810907406,0.0005149200455671178,0.001384
v3-22;j6,-0.03443597,0.0,3.468336196616055e-06,3e-06
v3-22;j4,-0.02266685,0.0,0.0,0.0
v3-22;j2,0.7329318,9.978500866315302e-05,0.00019620925323467824,0.000208
v3-22;j5,0.017893732,0.0,0.0,0.0
v1-47;j7,-0.45867467,0.0012246341972296053,0.001263185834125493,0.000958
v1-47;j1,-0.30961552,0.017026951023703475,0.016828678537211546,0.011162
v1-47;j3,0.80517966,0.0231501220098515,0.023313160548947987,0.047527
v1-47;j6,0.054346085,0.0,3.6156743492955467e-06,3e-06
v1-47;j4,0.033380628,0.0,0.0,0.0
v1-47;j2,0.10095999,0.02276005333962281,0.022875745690526268,0.022186
v1-47;j5,0.04002545,0.0,0.0,0.0
v8-61;j7,0.0767874,0.00043542549234830413,0.0007681631371116234,0.000425
v8-61;j1,0.12146708,0.0014604896722516033,0.0015674405213565018,0.001156
v8-61;j3,1.6715144,0.007166377894899172,0.0074407061417953455,0.023166
v8-61;j6,-0.05653384,0.0,3.8985707235358077e-07,1e-06
v8-61;j4,-0.033742037,0.0,0.0,0.0
v8-61;j2,1.1400084,0.0032747625570362037,0.003967553690653513,0.006758
v8-61;j5,0.01852376,0.0,0.0,0.0
v4-60;j7,0.18098187,8.164227981530702e-05,0.00015493439157220006,0.000126
v4-60;j1,0.59456414,0.0010432069087511452,0.0010799481174354982,0.001113
v4-60;j3,1.9994427,0.00383718715131943,0.004322513667094558,0.014134
v4-60;j6,0.020134553,0.0,2.3262079661060644e-06,4e-06
v4-60;j4,-0.06665793,0.0,0.0,0.0
v4-60;j2,0.9484267,0.0023131979281003656,0.00294640033570108,0.003251
v4-60;j5,-0.019447241,0.0,0.0,0.0
v5-52;j7,-0.056517627,5.442818654353802e-05,3.874232366220126e-05,9.5e-05
v5-52;j1,0.23806451,0.00015421319520669103,0.0002104295158718872,0.000539
v5-52;j3,1.1704496,0.0014060614857080652,0.0015589044348938257,0.010278
v5-52;j6,0.02468457,0.0,0.0,0.0
v5-52;j4,0.058288015,0.0,0.0,0.0
v5-52;j2,0.61505693,0.0004535682211961501,0.0005279258090555085,0.001907
v5-52;j5,0.033317402,0.0,0.0,0.0
v3-9;j7,-0.20006879,4.535682211961501e-05,6.650964128461698e-07,2e-06
v3-9;j1,0.13989338,0.0015149178587951413,0.0018854095228048441,0.000549
v3-9;j3,0.9058896,0.0013244192058927584,0.0015386219098753003,0.000881
v3-9;j6,-0.05388716,0.0,0.0,0.0
v3-9;j4,0.032715842,0.0,0.0,0.0
v3-9;j2,-1.2917267,0.002884693886807515,0.0036507334572720264,0.000276
v3-9;j5,0.052666366,0.0,0.0,0.0
v2-11;j7,-1.0801774,0.0007438518827616861,0.0008135362595526979,0.000308
v2-11;j1,-0.6758229,0.033409835173308415,0.0341469843040097,0.016093
v2-11;j3,0.3122265,0.018922866188303383,0.019009108745443523,0.023398
v2-11;j6,0.056954652,0.0,0.0,0.0
v2-11;j4,0.04133348,0.0,0.0,0.0
v2-11;j2,-0.31282315,0.03094242405000136,0.033524000568858014,0.021118
v2-11;j5,0.05876807,0.0,0.0,0.0
v10-54;j7,0.022989964,0.0,6.362643272469629e-07,1e-05
v10-54;j1,0.04112787,0.0,2.949165495397384e-06,7e-06
v10-54;j3,0.043152153,0.0,1.8621045846555265e-07,7e-06
v10-54;j6,0.09916206,0.0,3.1199745965540583e-05,7e-06
v10-54;j4,0.06499278,0.0,0.0,0.0
v10-54;j2,-0.01995195,0.0,9.937088505290106e-07,8e-06
v10-54;j5,0.026895411,0.0,0.0,0.0
